,order_id,customer_id,order_status,order_date,required_date,shipped_date,store_id,staff_id
0,1,259,4,2016-01-01,2016-01-03,2016-01-03,1,2
1,2,1212,4,2016-01-01,2016-01-04,2016-01-03,2,6
2,3,523,4,2016-01-02,2016-01-05,2016-01-03,2,7
3,4,175,4,2016-01-03,2016-01-04,2016-01-05,1,3
4,5,1324,4,2016-01-03,2016-01-06,2016-01-06,2,6
5,6,94,4,1016-01-04,1016-01-07,1016-01-05,2,6
6,7,324,4,1016-01-04,1016-01-07,1016-01-05,2,6
7,8,1204,4,1016-01-04,1016-01-05,1016-01-05,2,7
8,9,60,4,1016-01-05,1016-01-08,1016-01-08,1,2
9,10,442,4,1016-01-05,1016-01-06,1016-01-06,2,6
10,11,1326,4,1016-01-05,1016-01-08,1016-01-07,2,7
11,12,91,4,1016-01-06,1016-01-08,1016-01-09,1,2
12,13,873,4,2016-01-08,2016-01-11,2016-01-11,2,6
13,14,258,4,2016-01-09,2016-01-11,2016-01-12,1,3
14,15,450,4,2016-01-09,2016-01-10,2016-01-12,2,7
15,16,552,4,2016-01-12,2016-01-15,2016-01-15,1,3
16,17,1175,4,2016-01-12,2016-01-14,2016-01-14,1,3
17,18,541,4,2016-01-14,2016-01-17,2016-01-15,1,3
18,19,696,4,2016-01-14,2016-01-17,2016-01-16,1,2
19,20,923,4,2016-01-14,2016-01-16,2016-01-17,1,2
20,21,1250,4,2016-01-15,2016-01-16,2016-01-18,2,6
21,22,1035,4,2016-01-16,2016-01-18,2016-01-17,1,2
22,23,1149,4,2016-01-16,2016-01-19,2016-01-19,1,2
23,24,636,4,2016-01-18,2016-01-20,2016-01-19,2,7
24,25,657,4,2016-01-18,2016-01-21,2016-01-21,2,6
25,26,1280,4,2016-01-18,2016-01-21,2016-01-19,2,7
26,27,57,4,2016-01-19,2016-01-21,2016-01-20,2,7
27,28,252,4,2016-01-19,2016-01-20,2016-01-21,2,6
28,29,437,4,2016-01-20,2016-01-22,2016-01-21,2,6
29,30,1348,4,2016-01-20,2016-01-21,2016-01-21,2,6
30,31,1238,4,2016-01-20,2016-01-22,2016-01-22,3,8
31,32,1259,4,2016-01-21,2016-01-24,2016-01-22,1,3
32,33,236,4,2016-01-21,2016-01-22,2016-01-22,2,6
33,34,80,4,2016-01-22,2016-01-25,2016-01-23,2,6
34,35,813,4,2016-01-22,2016-01-25,2016-01-24,2,7
35,36,1321,4,2016-01-23,2016-01-24,2016-01-24,2,6
36,37,164,4,2016-01-25,2016-01-28,2016-01-26,2,6
37,38,583,4,2016-01-25,2016-01-27,2016-01-26,2,7
38,39,1296,4,2016-01-25,2016-01-26,2016-01-26,2,7
39,40,348,4,2016-01-27,2016-01-28,2016-01-29,1,3
40,41,979,4,2016-01-27,2016-01-30,2016-01-29,2,6
41,42,1095,4,2016-01-27,2016-01-28,2016-01-30,2,7
42,43,1434,4,2016-01-27,2016-01-28,2016-01-30,2,7
43,44,861,4,2016-01-28,2016-01-31,2016-01-30,2,7
44,45,1220,4,2016-01-28,2016-01-31,2016-01-31,2,7
45,46,746,4,2016-01-29,2016-01-31,2016-01-31,2,7
46,47,1234,4,2016-01-29,2016-01-30,2016-01-31,2,7
47,48,1012,4,2016-01-30,2016-02-01,2016-02-02,2,7
48,49,608,4,2016-01-31,2016-02-01,2016-02-02,2,6
49,50,872,4,2016-01-31,2016-02-03,2016-02-02,3,8
50,51,1047,4,2016-02-01,2016-02-02,2016-02-03,2,7
51,52,767,4,2016-02-03,2016-02-04,2016-02-05,1,2
52,53,965,4,2016-02-03,2016-02-04,2016-02-05,2,6
53,54,535,4,2016-02-04,2016-02-07,2016-02-07,2,7
54,55,1173,4,2016-02-04,2016-02-07,2016-02-06,2,6
55,56,1241,4,2016-02-04,2016-02-06,2016-02-07,2,6
56,57,1305,4,2016-02-04,2016-02-06,2016-02-06,2,7
57,58,504,4,2016-02-05,2016-02-07,2016-02-07,2,6
58,59,563,4,2016-02-05,2016-02-07,2016-02-06,2,7
59,60,151,4,2016-02-06,2016-02-08,2016-02-07,1,3
60,61,277,4,2016-02-06,2016-02-09,2016-02-09,2,7
61,62,208,4,2016-02-07,2016-02-10,2016-02-10,1,2
62,63,1075,4,2016-02-07,2016-02-09,2016-02-09,2,7
63,64,1185,4,2016-02-07,2016-02-08,2016-02-09,2,6
64,65,996,4,2016-02-08,2016-02-09,2016-02-11,2,6
65,66,1253,4,2016-02-09,2016-02-12,2016-02-12,2,7
66,67,526,4,2016-02-09,2016-02-11,2016-02-10,3,8
67,68,381,4,2016-02-10,2016-02-11,2016-02-13,2,6
68,69,1413,4,2016-02-10,2016-02-12,2016-02-11,2,7
69,70,50,3,2016-02-11,2016-02-11,unshipped yet,3,9
70,71,797,4,2016-02-11,2016-02-14,2016-02-12,2,7
71,72,1386,4,2016-02-12,2016-02-15,2016-02-13,1,2
72,73,612,4,2016-02-12,2016-02-15,2016-02-14,2,7
73,74,264,4,2016-02-13,2016-02-15,2016-02-15,2,7
74,75,587,4,2016-02-14,2016-02-15,2016-02-17,2,6
75,76,9,3,2016-02-16,2016-02-16,unshipped yet,2,6
76,77,385,4,2016-02-16,2016-02-19,2016-02-19,1,2
77,78,1182,4,2016-02-16,2016-02-18,2016-02-19,2,7
78,79,529,4,2016-02-17,2016-02-20,2016-02-20,1,3
79,80,397,4,2016-02-17,2016-02-20,2016-02-19,2,6
80,81,521,4,2016-02-17,2016-02-19,2016-02-18,2,6
81,82,1223,4,2016-02-18,2016-02-21,2016-02-20,2,6
82,83,393,4,2016-02-19,2016-02-20,2016-02-20,1,3
83,84,317,4,2016-02-20,2016-02-22,2016-02-21,2,7
84,85,1174,4,2016-02-20,2016-02-23,2016-02-21,2,7
85,86,276,4,2016-02-21,2016-02-22,2016-02-23,2,7
86,87,516,4,2016-02-21,2016-02-22,2016-02-23,2,6
87,88,1069,4,2016-02-21,2016-02-22,2016-02-23,2,6
88,89,668,4,2016-02-21,2016-02-24,2016-02-24,3,8
89,90,414,4,2016-02-23,2016-02-25,2016-02-24,2,7
90,91,648,4,2016-02-25,2016-02-27,2016-02-28,1,2
91,92,1309,4,2016-02-25,2016-02-28,2016-02-28,2,7
92,93,1328,4,2016-02-26,2016-02-28,2016-02-27,1,3
93,94,929,4,2016-02-27,2016-02-28,2016-02-29,1,2
94,95,218,4,2016-02-27,2016-02-29,2016-02-28,2,7
95,96,1094,4,2016-02-27,2016-02-29,2016-02-28,2,7
96,97,204,4,2016-02-28,2016-02-29,2016-03-01,2,7
97,98,1194,4,2016-02-28,2016-02-29,2016-02-29,2,6
98,99,1165,4,2016-02-29,2016-03-01,2016-03-03,3,9
99,100,1237,4,2016-03-01,2016-03-04,2016-03-03,2,7
100,101,271,4,2016-03-01,2016-03-04,2016-03-04,3,8
101,102,336,4,2016-03-02,2016-03-05,2016-03-03,2,7
102,103,991,4,2016-03-03,2016-03-06,2016-03-05,1,2
103,104,7,4,2016-03-03,2016-03-05,2016-03-05,2,7
104,105,306,4,2016-03-03,2016-03-05,2016-03-04,2,7
105,106,422,4,2016-03-04,2016-03-05,2016-03-05,3,9
106,107,633,4,2016-03-06,2016-03-09,2016-03-09,1,2
107,108,12,4,2016-03-06,2016-03-09,2016-03-07,2,6
108,109,1255,4,2016-03-06,2016-03-09,2016-03-09,2,6
109,110,677,4,2016-03-06,2016-03-08,2016-03-09,3,9
110,111,630,4,2016-03-07,2016-03-10,2016-03-10,2,6
111,112,469,4,2016-03-08,2016-03-11,2016-03-10,2,6
112,113,1078,4,2016-03-08,2016-03-11,2016-03-11,2,6
113,114,1431,4,2016-03-08,2016-03-10,2016-03-11,2,7
114,115,1369,4,2016-03-09,2016-03-11,2016-03-11,2,7
115,116,471,4,2016-03-10,2016-03-11,2016-03-11,2,7
116,117,740,4,2016-03-10,2016-03-13,2016-03-11,2,6
117,118,577,4,2016-03-12,2016-03-14,2016-03-13,1,2
118,119,925,4,2016-03-12,2016-03-14,2016-03-14,2,7
119,120,327,4,2016-03-14,2016-03-15,2016-03-17,2,7
120,121,755,4,2016-03-14,2016-03-15,2016-03-16,2,6
121,122,786,4,2016-03-14,2016-03-16,2016-03-15,2,6
122,123,766,4,2016-03-15,2016-03-18,2016-03-17,2,6
123,124,403,4,2016-03-16,2016-03-18,2016-03-17,1,3
124,125,685,4,2016-03-16,2016-03-19,2016-03-17,2,6
125,126,1365,4,2016-03-16,2016-03-18,2016-03-18,2,7
126,127,484,4,2016-03-17,2016-03-18,2016-03-19,3,8
127,128,86,4,2016-03-18,2016-03-20,2016-03-21,2,6
128,129,84,4,2016-03-19,2016-03-21,2016-03-21,2,7
129,130,1049,4,2016-03-19,2016-03-22,2016-03-20,2,6
130,131,316,4,2016-03-19,2016-03-22,2016-03-20,3,8
131,132,46,4,2016-03-20,2016-03-22,2016-03-23,1,3
132,133,409,4,2016-03-20,2016-03-22,2016-03-21,2,7
133,134,679,4,2016-03-20,2016-03-21,2016-03-21,2,7
134,135,1354,4,2016-03-21,2016-03-23,2016-03-23,2,7
135,136,1192,4,2016-03-21,2016-03-24,2016-03-23,3,8
136,137,370,4,2016-03-23,2016-03-26,2016-03-25,2,7
137,138,438,4,2016-03-23,2016-03-24,2016-03-25,2,7
138,139,710,4,2016-03-23,2016-03-24,2016-03-26,2,7
139,140,1264,4,2016-03-23,2016-03-26,2016-03-26,2,7
140,141,557,4,2016-03-25,2016-03-27,2016-03-26,2,7
141,142,170,4,2016-03-26,2016-03-27,2016-03-27,1,3
142,143,693,4,2016-03-26,2016-03-28,2016-03-28,2,7
143,144,1124,4,2016-03-26,2016-03-29,2016-03-29,2,7
144,145,366,4,2016-03-27,2016-03-29,2016-03-30,2,6
145,146,288,4,2016-03-28,2016-03-30,2016-03-30,1,3
146,147,55,4,2016-03-28,2016-03-31,2016-03-31,2,7
147,148,714,4,2016-03-28,2016-03-30,2016-03-30,2,6
148,149,763,4,2016-03-28,2016-03-30,2016-03-29,2,6
149,150,332,4,2016-03-29,2016-03-31,2016-04-01,1,2
150,151,926,4,2016-03-29,2016-04-01,2016-03-31,1,2
151,152,76,4,2016-03-29,2016-03-30,2016-03-30,2,6
152,153,498,4,2016-03-30,2016-04-02,2016-04-01,2,6
153,154,1286,4,2016-03-31,2016-04-01,2016-04-01,1,2
154,155,371,4,2016-04-02,2016-04-03,2016-04-04,2,6
155,156,357,4,2016-04-03,2016-04-06,2016-04-05,1,3
156,157,43,4,2016-04-03,2016-04-06,2016-04-06,3,8
157,158,117,3,2016-04-04,2016-04-04,unshipped yet,3,9
158,159,32,4,2016-04-04,2016-04-06,2016-04-06,1,2
159,160,205,4,2016-04-04,2016-04-06,2016-04-06,2,7
160,161,251,4,2016-04-04,2016-04-07,2016-04-05,2,7
161,162,31,4,2016-04-06,2016-04-08,2016-04-07,1,3
162,163,1325,4,2016-04-06,2016-04-07,2016-04-07,2,7
163,164,610,4,2016-04-07,2016-04-08,2016-04-09,2,7
164,165,574,4,2016-04-08,2016-04-10,2016-04-10,1,3
165,166,338,4,2016-04-08,2016-04-11,2016-04-11,2,6
166,167,1034,4,2016-04-08,2016-04-09,2016-04-11,2,7
167,168,1147,4,2016-04-09,2016-04-12,2016-04-11,1,3
168,169,99,4,2016-04-10,2016-04-11,2016-04-11,2,7
169,170,1200,4,2016-04-10,2016-04-11,2016-04-13,2,7
170,171,237,4,2016-04-11,2016-04-14,2016-04-14,1,3
171,172,1079,4,2016-04-11,2016-04-12,2016-04-14,2,7
172,173,117,4,2016-04-11,2016-04-14,2016-04-13,3,8
173,174,1361,4,2016-04-12,2016-04-13,2016-04-15,2,7
174,175,951,4,2016-04-13,2016-04-14,2016-04-14,2,6
175,176,643,4,2016-04-15,2016-04-16,2016-04-17,2,7
176,177,121,4,2016-04-16,2016-04-19,2016-04-19,1,2
177,178,756,4,2016-04-16,2016-04-17,2016-04-18,2,6
178,179,616,4,2016-04-17,2016-04-19,2016-04-19,2,6
179,180,918,4,2016-04-17,2016-04-20,2016-04-19,2,7
180,181,459,4,2016-04-18,2016-04-20,2016-04-20,1,3
181,182,854,4,2016-04-18,2016-04-19,2016-04-20,2,6
182,183,22,4,2016-04-19,2016-04-20,2016-04-20,2,7
183,184,134,4,2016-04-19,2016-04-21,2016-04-22,2,7
184,185,24,3,2016-04-20,2016-04-20,unshipped yet,1,2
185,186,1127,4,2016-04-21,2016-04-22,2016-04-24,2,6
186,187,183,4,2016-04-22,2016-04-23,2016-04-24,2,6
187,188,390,4,2016-04-22,2016-04-23,2016-04-25,2,6
188,189,1288,4,2016-04-23,2016-04-24,2016-04-26,1,2
189,190,98,4,2016-04-23,2016-04-25,2016-04-25,2,6
190,191,919,4,2016-04-27,2016-04-28,2016-04-28,1,2
191,192,728,4,2016-04-27,2016-04-28,2016-04-29,2,7
192,193,1366,4,2016-04-28,2016-04-30,2016-04-30,1,3
193,194,558,4,2016-04-28,2016-04-30,2016-05-01,2,7
194,195,727,4,2016-04-28,2016-05-01,2016-05-01,2,7
195,196,1247,4,2016-04-28,2016-04-30,2016-05-01,2,6
196,197,127,4,2016-04-30,2016-05-03,2016-05-03,2,7
197,198,640,4,2016-05-01,2016-05-04,2016-05-03,2,6
198,199,760,4,2016-05-01,2016-05-04,2016-05-04,2,7
199,200,1074,4,2016-05-01,2016-05-03,2016-05-03,2,6
200,201,280,4,2016-05-01,2016-05-04,2016-05-02,3,9
201,202,600,4,2016-05-03,2016-05-05,2016-05-04,1,2
202,203,1102,4,2016-05-03,2016-05-05,2016-05-06,3,9
203,204,591,4,2016-05-04,2016-05-07,2016-05-06,2,7
204,205,635,4,2016-05-04,2016-05-05,2016-05-06,2,6
205,206,743,4,2016-05-04,2016-05-06,2016-05-05,3,9
206,207,105,4,2016-05-05,2016-05-07,2016-05-07,2,7
207,208,815,4,2016-05-06,2016-05-07,2016-05-09,2,7
208,209,514,4,2016-05-07,2016-05-08,2016-05-08,2,6
209,210,943,4,2016-05-07,2016-05-08,2016-05-09,2,6
210,211,1140,4,2016-05-07,2016-05-09,2016-05-08,2,6
211,212,1373,4,2016-05-08,2016-05-09,2016-05-11,2,6
212,213,788,4,2016-05-08,2016-05-09,2016-05-09,3,8
213,214,363,4,2016-05-10,2016-05-12,2016-05-11,2,6
214,215,1420,4,2016-05-10,2016-05-13,2016-05-12,2,7
215,216,267,4,2016-05-11,2016-05-14,2016-05-13,1,3
216,217,716,4,2016-05-11,2016-05-12,2016-05-14,2,7
217,218,1179,4,2016-05-12,2016-05-14,2016-05-14,2,7
218,219,1338,4,2016-05-12,2016-05-15,2016-05-15,2,6
219,220,1358,4,2016-05-12,2016-05-14,2016-05-15,2,6
220,221,1218,4,2016-05-13,2016-05-16,2016-05-14,1,2
221,222,51,4,2016-05-13,2016-05-16,2016-05-14,2,6
222,223,1368,4,2016-05-15,2016-05-16,2016-05-17,2,7
223,224,157,4,2016-05-17,2016-05-18,2016-05-19,1,3
224,225,307,4,2016-05-17,2016-05-20,2016-05-19,1,3
225,226,501,4,2016-05-17,2016-05-19,2016-05-20,1,2
226,227,489,4,2016-05-17,2016-05-18,2016-05-20,2,7
227,228,615,4,2016-05-17,2016-05-20,2016-05-20,2,7
228,229,742,4,2016-05-19,2016-05-21,2016-05-20,2,6
229,230,1167,4,2016-05-19,2016-05-20,2016-05-21,2,6
230,231,1257,4,2016-05-19,2016-05-22,2016-05-21,2,6
231,232,1360,4,2016-05-20,2016-05-23,2016-05-23,1,3
232,233,737,4,2016-05-21,2016-05-22,2016-05-24,2,6
233,234,1435,4,2016-05-22,2016-05-24,2016-05-24,2,6
234,235,649,4,2016-05-24,2016-05-25,2016-05-25,2,6
235,236,206,4,2016-05-25,2016-05-27,2016-05-26,2,6
236,237,1351,4,2016-05-25,2016-05-26,2016-05-27,2,7
237,238,1350,4,2016-05-26,2016-05-29,2016-05-29,2,6
238,239,13,3,2016-05-27,2016-05-27,unshipped yet,3,9
239,240,65,4,2016-05-27,2016-05-29,2016-05-30,2,6
240,241,1082,4,2016-05-27,2016-05-29,2016-05-29,2,7
241,242,1168,4,2016-05-27,2016-05-30,2016-05-30,2,7
242,243,802,4,2016-05-27,2016-05-30,2016-05-28,3,8
243,244,956,4,2016-05-28,2016-05-29,2016-05-29,2,6
244,245,223,4,2016-05-29,2016-05-31,2016-05-30,2,7
245,246,17,3,2016-05-30,2016-05-30,unshipped yet,2,6
246,247,928,4,2016-05-30,2016-06-01,2016-06-01,1,3
247,248,1376,4,2016-05-30,2016-06-01,2016-05-31,2,7
248,249,145,4,2016-06-01,2016-06-04,2016-06-04,2,6
249,250,150,4,2016-06-01,2016-06-02,2016-06-04,2,7
250,251,851,4,2016-06-01,2016-06-04,2016-06-04,2,7
251,252,66,4,2016-06-01,2016-06-04,2016-06-02,3,8
252,253,1267,4,2016-06-02,2016-06-05,2016-06-05,2,6
253,254,510,4,2016-06-03,2016-06-06,2016-06-05,2,7
254,255,801,4,2016-06-03,2016-06-06,2016-06-05,2,7
255,256,26,4,2016-06-04,2016-06-05,2016-06-07,2,7
256,257,1314,4,2016-06-05,2016-06-06,2016-06-08,1,3
257,258,107,4,2016-06-06,2016-06-07,2016-06-07,2,7
258,259,413,4,2016-06-06,2016-06-09,2016-06-09,2,7
259,260,632,4,2016-06-06,2016-06-08,2016-06-08,2,6
260,261,1045,4,2016-06-08,2016-06-10,2016-06-09,1,2
261,262,579,4,2016-06-08,2016-06-11,2016-06-10,3,9
262,263,1322,4,2016-06-09,2016-06-10,2016-06-12,2,6
263,264,5,3,2016-06-10,2016-06-10,unshipped yet,1,3
264,265,682,4,2016-06-10,2016-06-12,2016-06-11,2,7
265,266,933,4,2016-06-10,2016-06-13,2016-06-13,2,7
266,267,282,4,2016-06-11,2016-06-14,2016-06-14,1,3
267,268,540,4,2016-06-11,2016-06-14,2016-06-12,1,3
268,269,764,4,2016-06-12,2016-06-13,2016-06-15,2,6
269,270,879,4,2016-06-12,2016-06-15,2016-06-13,2,7
270,271,350,4,2016-06-13,2016-06-16,2016-06-14,2,7
271,272,497,4,2016-06-15,2016-06-18,2016-06-16,2,7
272,273,1340,4,2016-06-16,2016-06-19,2016-06-17,2,7
273,274,411,4,2016-06-17,2016-06-20,2016-06-18,2,7
274,275,1341,4,2016-06-17,2016-06-19,2016-06-18,2,7
275,276,1227,4,2016-06-18,2016-06-19,2016-06-19,2,6
276,277,546,4,2016-06-19,2016-06-20,2016-06-20,2,7
277,278,1301,4,2016-06-20,2016-06-23,2016-06-21,1,3
278,279,378,4,2016-06-21,2016-06-22,2016-06-22,2,6
279,280,638,4,2016-06-21,2016-06-22,2016-06-23,2,7
280,281,800,4,2016-06-21,2016-06-22,2016-06-23,2,7
281,282,159,4,2016-06-22,2016-06-25,2016-06-25,3,9
282,283,181,4,2016-06-23,2016-06-26,2016-06-26,1,2
283,284,1356,4,2016-06-23,2016-06-25,2016-06-25,2,7
284,285,319,4,2016-06-25,2016-06-26,2016-06-27,1,2
285,286,59,4,2016-06-25,2016-06-26,2016-06-26,2,6
286,287,133,4,2016-06-25,2016-06-26,2016-06-27,2,6
287,288,780,4,2016-06-25,2016-06-28,2016-06-28,2,6
288,289,849,4,2016-06-27,2016-06-28,2016-06-30,2,6
289,290,202,4,2016-06-28,2016-06-29,2016-06-30,2,6
290,291,158,4,2016-06-29,2016-06-30,2016-07-01,2,6
291,292,360,4,2016-06-29,2016-06-30,2016-07-02,3,9
292,293,573,4,2016-06-30,2016-07-03,2016-07-02,2,7
293,294,732,4,2016-07-01,2016-07-02,2016-07-02,2,7
294,295,1130,4,2016-07-01,2016-07-04,2016-07-04,2,7
295,296,1245,4,2016-07-04,2016-07-07,2016-07-06,2,6
296,297,1425,4,2016-07-04,2016-07-05,2016-07-06,2,7
297,298,885,4,2016-07-04,2016-07-07,2016-07-07,3,9
298,299,281,4,2016-07-05,2016-07-06,2016-07-07,2,6
299,300,1205,4,2016-07-05,2016-07-08,2016-07-08,2,6
300,301,17,4,2016-07-06,2016-07-09,2016-07-08,2,6
301,302,1375,4,2016-07-06,2016-07-07,2016-07-09,2,6
302,303,36,4,2016-07-07,2016-07-08,2016-07-09,2,7
303,304,230,4,2016-07-07,2016-07-08,2016-07-08,2,6
304,305,705,4,2016-07-07,2016-07-08,2016-07-08,2,7
305,306,424,4,2016-07-09,2016-07-10,2016-07-12,2,7
306,307,695,4,2016-07-09,2016-07-11,2016-07-11,2,6
307,308,156,4,2016-07-11,2016-07-12,2016-07-14,2,6
308,309,211,4,2016-07-11,2016-07-13,2016-07-13,2,6
309,310,627,4,2016-07-12,2016-07-13,2016-07-13,1,2
310,311,1400,4,2016-07-12,2016-07-14,2016-07-13,2,6
311,312,299,4,2016-07-13,2016-07-15,2016-07-16,2,6
312,313,565,4,2016-07-14,2016-07-15,2016-07-15,3,9
313,314,1019,4,2016-07-15,2016-07-17,2016-07-17,2,7
314,315,1263,4,2016-07-16,2016-07-19,2016-07-17,2,6
315,316,670,4,2016-07-17,2016-07-20,2016-07-19,2,7
316,317,795,4,2016-07-17,2016-07-20,2016-07-19,2,7
317,318,1141,4,2016-07-17,2016-07-19,2016-07-20,2,7
318,319,941,4,2016-07-18,2016-07-21,2016-07-21,2,6
319,320,1428,4,2016-07-19,2016-07-20,2016-07-21,1,2
320,321,568,4,2016-07-19,2016-07-22,2016-07-21,2,6
321,322,924,4,2016-07-19,2016-07-22,2016-07-20,2,6
322,323,1243,4,2016-07-19,2016-07-22,2016-07-21,2,6
323,324,480,4,2016-07-20,2016-07-22,2016-07-23,2,6
324,325,848,4,2016-07-20,2016-07-21,2016-07-21,2,6
325,326,1337,4,2016-07-20,2016-07-21,2016-07-22,3,9
326,327,83,4,2016-07-21,2016-07-24,2016-07-22,2,6
327,328,528,4,2016-07-23,2016-07-26,2016-07-25,2,6
328,329,274,4,2016-07-24,2016-07-27,2016-07-26,2,6
329,330,622,4,2016-07-24,2016-07-27,2016-07-27,2,6
330,331,642,4,2016-07-24,2016-07-26,2016-07-25,2,6
331,332,659,4,2016-07-24,2016-07-26,2016-07-26,2,7
332,333,779,4,2016-07-25,2016-07-27,2016-07-26,2,6
333,334,1112,4,2016-07-25,2016-07-28,2016-07-27,2,7
334,335,1193,4,2016-07-25,2016-07-27,2016-07-26,2,6
335,336,1030,4,2016-07-26,2016-07-29,2016-07-27,2,7
336,337,1252,4,2016-07-26,2016-07-27,2016-07-28,2,7
337,338,1333,4,2016-07-28,2016-07-29,2016-07-30,1,3
338,339,1110,4,2016-07-28,2016-07-31,2016-07-29,2,7
339,340,963,4,2016-07-29,2016-07-30,2016-07-31,2,7
340,341,1357,4,2016-07-31,2016-08-03,2016-08-01,1,3
341,342,806,4,2016-07-31,2016-08-01,2016-08-03,2,7
342,343,961,4,2016-07-31,2016-08-02,2016-08-01,2,7
343,344,750,4,2016-08-01,2016-08-03,2016-08-02,2,6
344,345,1299,4,2016-08-01,2016-08-04,2016-08-03,2,6
345,346,584,4,2016-08-01,2016-08-03,2016-08-02,3,9
346,347,1004,4,2016-08-02,2016-08-03,2016-08-05,2,6
347,348,907,4,2016-08-02,2016-08-05,2016-08-04,3,9
348,349,30,3,2016-08-03,2016-08-03,unshipped yet,1,3
349,350,31,3,2016-08-03,2016-08-03,unshipped yet,1,3
350,351,1307,4,2016-08-03,2016-08-06,2016-08-04,1,2
351,352,16,4,2016-08-03,2016-08-04,2016-08-06,2,7
352,353,1387,4,2016-08-03,2016-08-06,2016-08-06,2,7
353,354,551,4,2016-08-03,2016-08-05,2016-08-06,3,8
354,355,1011,4,2016-08-03,2016-08-05,2016-08-05,3,8
355,356,1189,4,2016-08-04,2016-08-07,2016-08-06,2,6
356,357,14,3,2016-08-05,2016-08-05,unshipped yet,3,8
357,358,1042,4,2016-08-05,2016-08-07,2016-08-07,2,7
358,359,441,4,2016-08-07,2016-08-10,2016-08-10,2,7
359,360,1300,4,2016-08-07,2016-08-09,2016-08-10,2,6
360,361,994,4,2016-08-08,2016-08-09,2016-08-11,2,6
361,362,187,4,2016-08-09,2016-08-11,2016-08-11,1,2
362,363,834,4,2016-08-11,2016-08-12,2016-08-13,3,8
363,364,373,4,2016-08-12,2016-08-14,2016-08-13,2,6
364,365,981,4,2016-08-13,2016-08-14,2016-08-15,2,6
365,366,1054,4,2016-08-13,2016-08-14,2016-08-14,3,9
366,367,527,4,2016-08-14,2016-08-15,2016-08-15,2,7
367,368,995,4,2016-08-14,2016-08-15,2016-08-17,2,7
368,369,1285,4,2016-08-15,2016-08-18,2016-08-18,1,3
369,370,758,4,2016-08-15,2016-08-18,2016-08-18,2,7
370,371,891,4,2016-08-15,2016-08-16,2016-08-18,2,7
371,372,132,4,2016-08-16,2016-08-18,2016-08-18,2,6
372,373,337,4,2016-08-16,2016-08-19,2016-08-17,2,7
373,374,1313,4,2016-08-17,2016-08-19,2016-08-18,1,2
374,375,536,4,2016-08-17,2016-08-20,2016-08-20,2,7
375,376,825,4,2016-08-17,2016-08-19,2016-08-18,2,6
376,377,1355,4,2016-08-17,2016-08-19,2016-08-20,2,6
377,378,475,4,2016-08-17,2016-08-20,2016-08-20,3,9
378,379,954,4,2016-08-18,2016-08-21,2016-08-21,2,7
379,380,1156,4,2016-08-19,2016-08-20,2016-08-21,2,7
380,381,1297,4,2016-08-19,2016-08-21,2016-08-21,2,7
381,382,199,4,2016-08-20,2016-08-23,2016-08-23,2,6
382,383,331,4,2016-08-20,2016-08-23,2016-08-22,2,7
383,384,410,4,2016-08-20,2016-08-22,2016-08-23,2,7
384,385,1274,4,2016-08-20,2016-08-23,2016-08-22,2,7
385,386,1362,4,2016-08-20,2016-08-23,2016-08-23,2,6
386,387,451,4,2016-08-20,2016-08-21,2016-08-21,3,8
387,388,1080,4,2016-08-21,2016-08-24,2016-08-23,3,8
388,389,53,4,2016-08-22,2016-08-24,2016-08-25,1,3
389,390,576,4,2016-08-22,2016-08-24,2016-08-25,3,9
390,391,61,3,2016-08-23,2016-08-23,unshipped yet,3,9
391,392,176,4,2016-08-23,2016-08-26,2016-08-24,1,3
392,393,368,4,2016-08-25,2016-08-26,2016-08-27,2,6
393,394,522,4,2016-08-26,2016-08-28,2016-08-29,1,3
394,395,144,4,2016-08-26,2016-08-27,2016-08-29,2,6
395,396,542,4,2016-08-27,2016-08-30,2016-08-29,2,6
396,397,1437,4,2016-08-28,2016-08-31,2016-08-29,2,7
397,398,447,4,2016-08-29,2016-08-30,2016-09-01,1,2
398,399,1001,4,2016-08-29,2016-09-01,2016-09-01,2,7
399,400,1295,4,2016-08-29,2016-08-30,2016-08-31,2,6
400,401,103,4,2016-08-30,2016-09-02,2016-09-01,2,6
401,402,1335,4,2016-08-30,2016-09-01,2016-08-31,2,6
402,403,578,4,2016-08-31,2016-09-01,2016-09-02,1,3
403,404,396,4,2016-08-31,2016-09-03,2016-09-01,2,7
404,405,603,4,2016-08-31,2016-09-01,2016-09-01,2,6
405,406,1380,4,2016-08-31,2016-09-02,2016-09-01,2,7
406,407,77,3,2016-09-01,2016-09-01,unshipped yet,3,8
407,408,1071,4,2016-09-01,2016-09-02,2016-09-02,1,2
408,409,416,4,2016-09-01,2016-09-04,2016-09-04,2,7
409,410,1151,4,2016-09-01,2016-09-03,2016-09-02,2,6
410,411,261,4,2016-09-02,2016-09-04,2016-09-04,1,3
411,412,1202,4,2016-09-02,2016-09-04,2016-09-04,1,3
412,413,717,4,2016-09-02,2016-09-05,2016-09-03,2,6
413,414,917,4,2016-09-03,2016-09-06,2016-09-06,2,7
414,415,1265,4,2016-09-03,2016-09-06,2016-09-06,2,7
415,416,1377,4,2016-09-03,2016-09-04,2016-09-06,2,7
416,417,359,4,2016-09-04,2016-09-05,2016-09-06,1,3
417,418,88,4,2016-09-04,2016-09-05,2016-09-05,2,6
418,419,14,4,2016-09-04,2016-09-07,2016-09-06,3,8
419,420,72,4,2016-09-05,2016-09-06,2016-09-07,1,3
420,421,240,4,2016-09-05,2016-09-06,2016-09-08,1,3
421,422,398,4,2016-09-06,2016-09-07,2016-09-09,2,6
422,423,1397,4,2016-09-06,2016-09-09,2016-09-09,2,7
423,424,67,4,2016-09-08,2016-09-11,2016-09-11,1,3
424,425,843,4,2016-09-08,2016-09-11,2016-09-11,2,6
425,426,944,4,2016-09-08,2016-09-10,2016-09-10,2,6
426,427,434,4,2016-09-09,2016-09-10,2016-09-11,1,2
427,428,1039,4,2016-09-09,2016-09-12,2016-09-10,2,6
428,429,153,4,2016-09-10,2016-09-12,2016-09-12,3,8
429,430,272,4,2016-09-11,2016-09-13,2016-09-12,2,6
430,431,1217,4,2016-09-11,2016-09-12,2016-09-12,2,6
431,432,169,4,2016-09-12,2016-09-15,2016-09-14,1,2
432,433,1062,4,2016-09-12,2016-09-15,2016-09-13,2,6
433,434,726,4,2016-09-13,2016-09-15,2016-09-14,2,6
434,435,77,4,2016-09-14,2016-09-15,2016-09-16,3,9
435,436,791,4,2016-09-16,2016-09-19,2016-09-19,2,7
436,437,1085,4,2016-09-16,2016-09-18,2016-09-18,2,7
437,438,314,4,2016-09-16,2016-09-19,2016-09-18,3,8
438,439,149,4,2016-09-17,2016-09-20,2016-09-18,2,6
439,440,882,4,2016-09-17,2016-09-18,2016-09-19,2,7
440,441,704,4,2016-09-18,2016-09-19,2016-09-19,1,2
441,442,667,4,2016-09-18,2016-09-21,2016-09-21,2,7
442,443,1371,4,2016-09-18,2016-09-19,2016-09-20,2,6
443,444,30,4,2016-09-19,2016-09-20,2016-09-21,1,2
444,445,362,4,2016-09-19,2016-09-22,2016-09-22,2,6
445,446,399,4,2016-09-19,2016-09-21,2016-09-20,2,7
446,447,808,4,2016-09-20,2016-09-23,2016-09-22,3,8
447,448,101,4,2016-09-21,2016-09-22,2016-09-24,2,6
448,449,492,4,2016-09-21,2016-09-24,2016-09-22,2,7
449,450,575,4,2016-09-21,2016-09-24,2016-09-23,2,7
450,451,1146,4,2016-09-21,2016-09-23,2016-09-22,2,7
451,452,997,4,2016-09-22,2016-09-23,2016-09-24,2,7
452,453,1028,4,2016-09-22,2016-09-24,2016-09-25,2,7
453,454,988,4,2016-09-23,2016-09-25,2016-09-26,2,6
454,455,1055,4,2016-09-23,2016-09-24,2016-09-24,2,7
455,456,1061,4,2016-09-23,2016-09-26,2016-09-25,3,9
456,457,1349,4,2016-09-24,2016-09-27,2016-09-27,1,3
457,458,197,4,2016-09-25,2016-09-28,2016-09-26,2,6
458,459,874,4,2016-09-25,2016-09-28,2016-09-26,2,6
459,460,691,4,2016-09-25,2016-09-27,2016-09-26,3,8
460,461,853,4,2016-09-26,2016-09-27,2016-09-27,2,7
461,462,852,4,2016-09-27,2016-09-28,2016-09-29,2,6
462,463,964,4,2016-09-27,2016-09-28,2016-09-28,3,8
463,464,74,4,2016-09-28,2016-09-30,2016-09-29,2,7
464,465,1198,4,2016-09-28,2016-10-01,2016-10-01,2,6
465,466,1440,4,2016-09-28,2016-09-29,2016-10-01,2,7
466,467,555,4,2016-09-28,2016-09-30,2016-09-30,3,8
467,468,1261,4,2016-09-29,2016-10-02,2016-09-30,1,3
468,469,1089,4,2016-09-29,2016-10-02,2016-10-02,2,7
469,470,641,4,2016-09-30,2016-10-02,2016-10-02,1,3
470,471,697,4,2016-09-30,2016-10-02,2016-10-01,1,3
471,472,468,4,2016-09-30,2016-10-01,2016-10-01,2,7
472,473,549,4,2016-09-30,2016-10-02,2016-10-03,2,7
473,474,553,4,2016-10-01,2016-10-04,2016-10-04,1,3
474,475,241,4,2016-10-01,2016-10-04,2016-10-03,2,7
475,476,559,4,2016-10-01,2016-10-04,2016-10-02,2,6
476,477,449,4,2016-10-02,2016-10-05,2016-10-04,1,2
477,478,304,4,2016-10-02,2016-10-05,2016-10-03,2,7
478,479,984,4,2016-10-03,2016-10-04,2016-10-04,2,6
479,480,686,4,2016-10-04,2016-10-07,2016-10-05,1,3
480,481,481,4,2016-10-04,2016-10-07,2016-10-06,3,9
481,482,513,4,2016-10-05,2016-10-06,2016-10-06,2,6
482,483,703,4,2016-10-06,2016-10-07,2016-10-09,1,2
483,484,421,4,2016-10-06,2016-10-09,2016-10-07,2,7
484,485,465,4,2016-10-06,2016-10-08,2016-10-07,2,7
485,486,709,4,2016-10-06,2016-10-08,2016-10-09,2,7
486,487,827,4,2016-10-06,2016-10-09,2016-10-09,2,6
487,488,921,4,2016-10-06,2016-10-09,2016-10-08,2,6
488,489,899,4,2016-10-06,2016-10-08,2016-10-08,3,8
489,490,876,4,2016-10-07,2016-10-10,2016-10-09,2,6
490,491,1048,4,2016-10-08,2016-10-10,2016-10-11,1,2
491,492,191,4,2016-10-09,2016-10-10,2016-10-12,1,2
492,493,796,4,2016-10-09,2016-10-12,2016-10-11,1,3
493,494,875,4,2016-10-09,2016-10-10,2016-10-11,2,6
494,495,712,4,2016-10-10,2016-10-12,2016-10-13,1,3
495,496,193,4,2016-10-10,2016-10-12,2016-10-11,2,6
496,497,785,4,2016-10-10,2016-10-11,2016-10-11,2,6
497,498,1331,4,2016-10-10,2016-10-12,2016-10-11,2,6
498,499,260,4,2016-10-11,2016-10-14,2016-10-13,1,2
499,500,148,4,2016-10-11,2016-10-12,2016-10-13,2,6
500,501,977,4,2016-10-11,2016-10-12,2016-10-13,2,7
501,502,401,4,2016-10-12,2016-10-13,2016-10-13,3,9
502,503,932,4,2016-10-13,2016-10-16,2016-10-14,2,6
503,504,1381,4,2016-10-14,2016-10-15,2016-10-15,1,2
504,505,721,4,2016-10-14,2016-10-16,2016-10-17,2,6
505,506,831,4,2016-10-14,2016-10-16,2016-10-16,2,6
506,507,1378,4,2016-10-15,2016-10-17,2016-10-17,1,3
507,508,1359,4,2016-10-15,2016-10-18,2016-10-18,2,6
508,509,235,4,2016-10-16,2016-10-17,2016-10-17,2,7
509,510,586,4,2016-10-17,2016-10-18,2016-10-18,2,7
510,511,377,4,2016-10-18,2016-10-20,2016-10-19,2,7
511,512,8,4,2016-10-19,2016-10-22,2016-10-20,2,7
512,513,155,4,2016-10-19,2016-10-21,2016-10-21,2,6
513,514,927,4,2016-10-19,2016-10-21,2016-10-20,2,7
514,515,986,4,2016-10-19,2016-10-20,2016-10-22,2,6
515,516,111,4,2016-10-21,2016-10-23,2016-10-24,2,6
516,517,613,4,2016-10-21,2016-10-22,2016-10-24,2,6
517,518,1374,4,2016-10-22,2016-10-24,2016-10-25,1,2
518,519,54,4,2016-10-22,2016-10-23,2016-10-24,2,7
519,520,639,4,2016-10-23,2016-10-26,2016-10-24,2,7
520,521,664,4,2016-10-23,2016-10-25,2016-10-25,2,6
521,522,724,4,2016-10-23,2016-10-24,2016-10-24,2,7
522,523,1056,4,2016-10-24,2016-10-26,2016-10-27,2,6
523,524,569,4,2016-10-25,2016-10-26,2016-10-27,1,2
524,525,1315,4,2016-10-26,2016-10-28,2016-10-29,1,3
525,526,1096,4,2016-10-26,2016-10-28,2016-10-28,2,6
526,527,506,4,2016-10-27,2016-10-29,2016-10-28,1,2
527,528,676,4,2016-10-28,2016-10-31,2016-10-31,2,7
528,529,753,4,2016-10-28,2016-10-30,2016-10-31,2,7
529,530,773,4,2016-10-28,2016-10-31,2016-10-31,2,6
530,531,116,4,2016-10-28,2016-10-29,2016-10-30,3,8
531,532,817,4,2016-10-29,2016-10-31,2016-10-30,2,7
532,533,1334,4,2016-10-29,2016-11-01,2016-11-01,2,6
533,534,1406,4,2016-10-29,2016-10-30,2016-10-31,2,7
534,535,835,4,2016-10-29,2016-10-31,2016-11-01,3,9
535,536,759,4,2016-10-31,2016-11-02,2016-11-01,1,3
536,537,1353,4,2016-10-31,2016-11-01,2016-11-03,1,2
537,538,341,4,2016-11-02,2016-11-05,2016-11-05,2,6
538,539,1144,4,2016-11-02,2016-11-04,2016-11-03,2,7
539,540,1429,4,2016-11-03,2016-11-05,2016-11-06,1,3
540,541,1228,4,2016-11-04,2016-11-07,2016-11-07,1,3
541,542,313,4,2016-11-04,2016-11-06,2016-11-05,2,7
542,543,62,4,2016-11-06,2016-11-09,2016-11-08,2,6
543,544,321,4,2016-11-06,2016-11-07,2016-11-08,2,7
544,545,1108,4,2016-11-08,2016-11-10,2016-11-09,3,9
545,546,470,4,2016-11-09,2016-11-12,2016-11-10,2,7
546,547,20,4,2016-11-09,2016-11-11,2016-11-10,3,8
547,548,739,4,2016-11-11,2016-11-13,2016-11-13,2,7
548,549,64,3,2016-11-12,2016-11-12,unshipped yet,3,9
549,550,892,4,2016-11-12,2016-11-14,2016-11-15,2,7
550,551,1169,4,2016-11-12,2016-11-13,2016-11-13,2,6
551,552,1282,4,2016-11-12,2016-11-15,2016-11-13,2,7
552,553,913,4,2016-11-12,2016-11-13,2016-11-15,3,9
553,554,104,4,2016-11-13,2016-11-14,2016-11-16,1,3
554,555,212,4,2016-11-13,2016-11-14,2016-11-16,2,7
555,556,61,4,2016-11-13,2016-11-14,2016-11-15,3,9
556,557,1248,4,2016-11-14,2016-11-17,2016-11-15,2,6
557,558,1443,4,2016-11-15,2016-11-16,2016-11-17,2,7
558,559,959,4,2016-11-16,2016-11-17,2016-11-17,1,2
559,560,1405,4,2016-11-18,2016-11-19,2016-11-21,2,6
560,561,90,4,2016-11-19,2016-11-22,2016-11-22,2,6
561,562,942,4,2016-11-19,2016-11-20,2016-11-22,2,7
562,563,365,4,2016-11-20,2016-11-22,2016-11-21,2,6
563,564,1058,4,2016-11-20,2016-11-23,2016-11-22,2,7
564,565,894,4,2016-11-21,2016-11-22,2016-11-22,2,7
565,566,298,4,2016-11-22,2016-11-25,2016-11-23,1,3
566,567,1430,4,2016-11-22,2016-11-23,2016-11-23,1,2
567,568,1275,4,2016-11-23,2016-11-25,2016-11-24,1,3
568,569,707,4,2016-11-23,2016-11-24,2016-11-25,2,6
569,570,989,4,2016-11-23,2016-11-24,2016-11-25,2,6
570,571,5,4,2016-11-24,2016-11-25,2016-11-27,1,2
571,572,178,4,2016-11-24,2016-11-26,2016-11-26,2,6
572,573,423,4,2016-11-24,2016-11-26,2016-11-27,2,6
573,574,833,4,2016-11-26,2016-11-27,2016-11-29,2,7
574,575,33,4,2016-11-27,2016-11-28,2016-11-30,1,3
575,576,1272,4,2016-11-27,2016-11-30,2016-11-28,1,3
576,577,445,4,2016-11-27,2016-11-30,2016-11-29,2,6
577,578,819,4,2016-11-27,2016-11-28,2016-11-29,2,7
578,579,160,4,2016-11-27,2016-11-30,2016-11-29,3,8
579,580,581,4,2016-11-30,2016-12-02,2016-12-02,1,3
580,581,688,4,2016-12-03,2016-12-05,2016-12-06,1,3
581,582,32,3,2016-12-04,2016-12-04,unshipped yet,1,2
582,583,792,4,2016-12-04,2016-12-05,2016-12-07,2,7
583,584,1209,4,2016-12-04,2016-12-05,2016-12-05,2,7
584,585,1219,4,2016-12-04,2016-12-05,2016-12-05,2,7
585,586,1306,4,2016-12-04,2016-12-06,2016-12-05,2,6
586,587,487,4,2016-12-06,2016-12-08,2016-12-08,1,2
587,588,102,4,2016-12-06,2016-12-07,2016-12-07,2,7
588,589,719,4,2016-12-06,2016-12-07,2016-12-07,2,7
589,590,990,4,2016-12-06,2016-12-09,2016-12-07,2,7
590,591,1211,4,2016-12-06,2016-12-09,2016-12-09,2,7
591,592,1232,4,2016-12-06,2016-12-08,2016-12-08,2,7
592,593,50,4,2016-12-07,2016-12-10,2016-12-08,3,8
593,594,1318,4,2016-12-07,2016-12-08,2016-12-08,3,8
594,595,538,4,2016-12-08,2016-12-09,2016-12-11,1,2
595,596,952,4,2016-12-08,2016-12-09,2016-12-09,1,3
596,597,1121,4,2016-12-08,2016-12-09,2016-12-10,2,6
597,598,40,3,2016-12-09,2016-12-09,unshipped yet,1,3
598,599,1,4,2016-12-09,2016-12-10,2016-12-12,2,6
599,600,624,4,2016-12-09,2016-12-12,2016-12-11,2,7
600,601,683,4,2016-12-09,2016-12-10,2016-12-10,2,6
601,602,823,4,2016-12-09,2016-12-10,2016-12-11,2,6
602,603,1032,4,2016-12-09,2016-12-10,2016-12-10,2,7
603,604,96,4,2016-12-10,2016-12-13,2016-12-12,2,7
604,605,1208,4,2016-12-10,2016-12-11,2016-12-12,2,6
605,606,18,4,2016-12-11,2016-12-12,2016-12-13,2,7
606,607,309,4,2016-12-11,2016-12-14,2016-12-13,2,6
607,608,1103,4,2016-12-12,2016-12-15,2016-12-14,1,3
608,609,896,4,2016-12-12,2016-12-13,2016-12-14,2,7
609,610,711,4,2016-12-13,2016-12-15,2016-12-14,2,6
610,611,1073,4,2016-12-15,2016-12-17,2016-12-18,2,7
611,612,634,4,2016-12-16,2016-12-17,2016-12-17,2,7
612,613,1159,4,2016-12-17,2016-12-19,2016-12-19,2,7
613,614,654,4,2016-12-18,2016-12-21,2016-12-21,1,2
614,615,560,4,2016-12-19,2016-12-22,2016-12-21,3,9
615,616,1444,4,2016-12-20,2016-12-23,2016-12-23,2,6
616,617,118,4,2016-12-21,2016-12-23,2016-12-23,2,7
617,618,131,4,2016-12-21,2016-12-22,2016-12-22,2,6
618,619,454,4,2016-12-22,2016-12-25,2016-12-25,2,7
619,620,466,4,2016-12-22,2016-12-24,2016-12-24,2,6
620,621,1157,4,2016-12-23,2016-12-25,2016-12-24,2,6
621,622,1398,4,2016-12-23,2016-12-26,2016-12-25,2,7
622,623,678,4,2016-12-24,2016-12-26,2016-12-27,2,6
623,624,814,4,2016-12-24,2016-12-25,2016-12-27,2,6
624,625,1163,4,2016-12-25,2016-12-28,2016-12-26,1,2
625,626,130,4,2016-12-25,2016-12-28,2016-12-27,2,7
626,627,1119,4,2016-12-25,2016-12-26,2016-12-28,2,6
627,628,561,4,2016-12-26,2016-12-29,2016-12-27,1,3
628,629,973,4,2016-12-26,2016-12-27,2016-12-29,1,2
629,630,1404,4,2016-12-26,2016-12-27,2016-12-28,2,6
630,631,855,4,2016-12-27,2016-12-29,2016-12-29,1,3
631,632,163,4,2016-12-27,2016-12-29,2016-12-29,2,7
632,633,1040,4,2016-12-28,2016-12-31,2016-12-30,3,8
633,634,27,4,2016-12-29,2017-01-01,2016-12-30,2,6
634,635,520,4,2016-12-30,2017-01-02,2016-12-31,2,6
635,636,532,4,2017-01-03,2017-01-04,2017-01-05,1,2
636,637,512,4,2017-01-03,2017-01-05,2017-01-05,2,6
637,638,1302,4,2017-01-04,2017-01-05,2017-01-06,2,7
638,639,550,4,2017-01-06,2017-01-07,2017-01-07,2,6
639,640,1093,4,2017-01-06,2017-01-08,2017-01-07,2,6
640,641,673,4,2017-01-07,2017-01-10,2017-01-08,1,3
641,642,847,4,2017-01-07,2017-01-09,2017-01-10,2,7
642,643,901,4,2017-01-08,2017-01-09,2017-01-11,1,3
643,644,439,4,2017-01-08,2017-01-11,2017-01-10,2,6
644,645,1199,4,2017-01-08,2017-01-11,2017-01-10,2,6
645,646,975,4,2017-01-09,2017-01-12,2017-01-11,1,2
646,647,283,4,2017-01-09,2017-01-10,2017-01-11,2,7
647,648,684,4,2017-01-09,2017-01-11,2017-01-11,2,6
648,649,1153,4,2017-01-10,2017-01-11,2017-01-13,1,3
649,650,729,4,2017-01-11,2017-01-14,2017-01-12,1,2
650,651,190,4,2017-01-11,2017-01-13,2017-01-13,2,7
651,652,985,4,2017-01-12,2017-01-15,2017-01-13,3,9
652,653,1249,4,2017-01-14,2017-01-17,2017-01-15,1,2
653,654,1129,4,2017-01-14,2017-01-15,2017-01-17,2,7
654,655,347,4,2017-01-16,2017-01-17,2017-01-18,1,3
655,656,949,4,2017-01-16,2017-01-17,2017-01-18,2,7
656,657,349,4,2017-01-17,2017-01-19,2017-01-20,1,2
657,658,1051,4,2017-01-17,2017-01-18,2017-01-18,2,7
658,659,1391,4,2017-01-17,2017-01-19,2017-01-18,2,7
659,660,383,4,2017-01-18,2017-01-19,2017-01-19,2,7
660,661,626,4,2017-01-18,2017-01-19,2017-01-20,2,6
661,662,1125,4,2017-01-19,2017-01-20,2017-01-20,1,3
662,663,344,4,2017-01-20,2017-01-22,2017-01-23,1,3
663,664,681,4,2017-01-20,2017-01-23,2017-01-22,2,7
664,665,29,4,2017-01-21,2017-01-22,2017-01-23,2,6
665,666,770,4,2017-01-21,2017-01-22,2017-01-24,2,7
666,667,858,4,2017-01-22,2017-01-24,2017-01-25,2,7
667,668,297,4,2017-01-22,2017-01-23,2017-01-24,3,8
668,669,745,4,2017-01-23,2017-01-24,2017-01-26,2,7
669,670,361,4,2017-01-24,2017-01-25,2017-01-25,2,6
670,671,922,4,2017-01-25,2017-01-28,2017-01-26,2,7
671,672,908,4,2017-01-26,2017-01-29,2017-01-29,2,6
672,673,64,4,2017-01-26,2017-01-28,2017-01-27,3,9
673,674,733,4,2017-01-27,2017-01-28,2017-01-29,2,6
674,675,291,4,2017-01-28,2017-01-31,2017-01-30,2,7
675,676,790,4,2017-01-28,2017-01-30,2017-01-31,2,7
676,677,809,4,2017-01-28,2017-01-31,2017-01-30,2,7
677,678,250,4,2017-01-28,2017-01-29,2017-01-31,3,9
678,679,81,4,2017-01-29,2017-01-30,2017-01-30,1,3
679,680,245,4,2017-01-29,2017-02-01,2017-01-30,1,3
680,681,499,4,2017-01-29,2017-02-01,2017-01-31,2,7
681,682,614,4,2017-01-29,2017-01-30,2017-01-30,2,6
682,683,741,4,2017-01-29,2017-01-31,2017-02-01,2,6
683,684,762,4,2017-01-31,2017-02-01,2017-02-02,2,6
684,685,976,4,2017-01-31,2017-02-03,2017-02-02,2,7
685,686,380,4,2017-02-01,2017-02-03,2017-02-04,2,7
686,687,530,4,2017-02-02,2017-02-05,2017-02-04,1,3
687,688,343,4,2017-02-02,2017-02-03,2017-02-05,2,7
688,689,884,4,2017-02-02,2017-02-03,2017-02-05,2,7
689,690,1097,4,2017-02-03,2017-02-04,2017-02-06,1,2
690,691,1081,4,2017-02-04,2017-02-06,2017-02-06,2,7
691,692,2,3,2017-02-05,2017-02-05,unshipped yet,1,3
692,693,1233,4,2017-02-05,2017-02-07,2017-02-06,1,3
693,694,58,4,2017-02-05,2017-02-06,2017-02-08,2,7
694,695,606,4,2017-02-05,2017-02-08,2017-02-07,2,7
695,696,1242,4,2017-02-05,2017-02-08,2017-02-08,2,7
696,697,562,4,2017-02-06,2017-02-08,2017-02-09,1,2
697,698,543,4,2017-02-06,2017-02-08,2017-02-09,3,8
698,699,958,4,2017-02-06,2017-02-08,2017-02-09,3,9
699,700,4,4,2017-02-07,2017-02-10,2017-02-08,2,6
700,701,850,4,2017-02-07,2017-02-08,2017-02-09,3,9
701,702,1352,4,2017-02-08,2017-02-09,2017-02-11,1,3
702,703,417,4,2017-02-08,2017-02-09,2017-02-09,2,7
703,704,1137,4,2017-02-08,2017-02-09,2017-02-11,2,6
704,705,1196,4,2017-02-08,2017-02-11,2017-02-11,2,7
705,706,1271,4,2017-02-09,2017-02-12,2017-02-10,1,2
706,707,79,4,2017-02-09,2017-02-11,2017-02-11,2,7
707,708,660,4,2017-02-10,2017-02-12,2017-02-11,1,2
708,709,1162,4,2017-02-11,2017-02-13,2017-02-12,2,6
709,710,295,4,2017-02-13,2017-02-15,2017-02-16,2,6
710,711,1246,4,2017-02-13,2017-02-16,2017-02-14,2,6
711,712,173,4,2017-02-13,2017-02-14,2017-02-16,3,9
712,713,207,4,2017-02-13,2017-02-14,2017-02-15,3,8
713,714,805,4,2017-02-14,2017-02-17,2017-02-15,2,7
714,715,12,3,2017-02-15,2017-02-15,unshipped yet,2,6
715,716,672,4,2017-02-15,2017-02-17,2017-02-18,2,6
716,717,1312,4,2017-02-15,2017-02-18,2017-02-17,2,6
717,718,38,4,2017-02-16,2017-02-17,2017-02-17,2,7
718,719,200,4,2017-02-16,2017-02-19,2017-02-18,2,6
719,720,382,4,2017-02-16,2017-02-19,2017-02-19,2,6
720,721,625,4,2017-02-16,2017-02-19,2017-02-17,2,7
721,722,1399,4,2017-02-18,2017-02-20,2017-02-21,2,7
722,723,845,4,2017-02-19,2017-02-21,2017-02-22,2,6
723,724,864,4,2017-02-19,2017-02-22,2017-02-21,2,6
724,725,870,4,2017-02-19,2017-02-22,2017-02-22,2,7
725,726,969,4,2017-02-19,2017-02-22,2017-02-20,2,6
726,727,962,4,2017-02-19,2017-02-22,2017-02-21,3,9
727,728,1138,4,2017-02-20,2017-02-21,2017-02-23,1,3
728,729,897,4,2017-02-20,2017-02-22,2017-02-21,2,7
729,730,500,4,2017-02-21,2017-02-24,2017-02-22,2,6
730,731,910,4,2017-02-25,2017-02-27,2017-02-27,3,9
731,732,147,4,2017-02-26,2017-02-27,2017-03-01,2,7
732,733,832,4,2017-02-26,2017-03-01,2017-02-27,2,7
733,734,939,4,2017-02-26,2017-02-28,2017-03-01,3,9
734,735,20,3,2017-02-27,2017-02-27,unshipped yet,3,9
735,736,184,4,2017-02-27,2017-02-28,2017-02-28,2,7
736,737,694,4,2017-02-27,2017-03-01,2017-02-28,2,6
737,738,124,4,2017-02-28,2017-03-01,2017-03-03,1,2
738,739,49,4,2017-02-28,2017-03-01,2017-03-02,2,6
739,740,1113,4,2017-02-28,2017-03-01,2017-03-02,2,6
740,741,119,4,2017-02-28,2017-03-01,2017-03-01,3,8
741,742,433,4,2017-02-28,2017-03-01,2017-03-01,3,9
742,743,137,4,2017-03-01,2017-03-04,2017-03-04,2,6
743,744,166,4,2017-03-01,2017-03-02,2017-03-02,2,7
744,745,698,4,2017-03-01,2017-03-03,2017-03-03,2,7
745,746,391,4,2017-03-02,2017-03-04,2017-03-05,1,3
746,747,87,4,2017-03-03,2017-03-04,2017-03-05,1,3
747,748,1072,4,2017-03-03,2017-03-05,2017-03-04,3,8
748,749,255,4,2017-03-04,2017-03-07,2017-03-05,2,7
749,750,232,4,2017-03-04,2017-03-07,2017-03-05,3,8
750,751,731,4,2017-03-05,2017-03-08,2017-03-07,1,3
751,752,335,4,2017-03-05,2017-03-06,2017-03-07,2,6
752,753,1201,4,2017-03-05,2017-03-08,2017-03-08,2,7
753,754,646,4,2017-03-06,2017-03-07,2017-03-08,1,2
754,755,531,4,2017-03-06,2017-03-07,2017-03-07,2,6
755,756,1143,4,2017-03-06,2017-03-07,2017-03-09,2,6
756,757,1336,4,2017-03-06,2017-03-08,2017-03-09,2,7
757,758,953,4,2017-03-06,2017-03-08,2017-03-07,3,9
758,759,284,4,2017-03-07,2017-03-09,2017-03-08,2,7
759,760,1104,4,2017-03-07,2017-03-10,2017-03-10,2,6
760,761,1291,4,2017-03-07,2017-03-08,2017-03-10,2,7
761,762,572,4,2017-03-08,2017-03-09,2017-03-09,2,6
762,763,842,4,2017-03-08,2017-03-10,2017-03-09,3,9
763,764,701,4,2017-03-09,2017-03-10,2017-03-12,1,2
764,765,1152,4,2017-03-09,2017-03-11,2017-03-12,1,2
765,766,141,4,2017-03-09,2017-03-11,2017-03-12,2,6
766,767,564,4,2017-03-09,2017-03-10,2017-03-11,2,7
767,768,841,4,2017-03-09,2017-03-12,2017-03-10,2,7
768,769,946,4,2017-03-09,2017-03-11,2017-03-11,2,6
769,770,135,4,2017-03-09,2017-03-11,2017-03-11,3,9
770,771,671,4,2017-03-11,2017-03-14,2017-03-12,1,3
771,772,448,4,2017-03-11,2017-03-12,2017-03-13,2,7
772,773,1385,4,2017-03-11,2017-03-12,2017-03-12,2,6
773,774,690,4,2017-03-12,2017-03-14,2017-03-14,2,6
774,775,968,4,2017-03-12,2017-03-13,2017-03-13,2,6
775,776,490,4,2017-03-13,2017-03-15,2017-03-16,2,6
776,777,496,4,2017-03-13,2017-03-16,2017-03-16,2,6
777,778,56,3,2017-03-15,2017-03-15,unshipped yet,3,9
778,779,367,4,2017-03-15,2017-03-16,2017-03-18,2,6
779,780,592,4,2017-03-15,2017-03-17,2017-03-17,2,6
780,781,1018,4,2017-03-15,2017-03-16,2017-03-17,2,6
781,782,1298,4,2017-03-15,2017-03-16,2017-03-18,2,7
782,783,1343,4,2017-03-16,2017-03-19,2017-03-17,1,2
783,784,430,4,2017-03-16,2017-03-19,2017-03-19,2,7
784,785,794,4,2017-03-18,2017-03-19,2017-03-20,1,2
785,786,249,4,2017-03-18,2017-03-20,2017-03-19,2,6
786,787,700,4,2017-03-18,2017-03-20,2017-03-19,3,9
787,788,1363,4,2017-03-18,2017-03-20,2017-03-20,3,9
788,789,772,4,2017-03-19,2017-03-20,2017-03-20,2,6
789,790,1015,4,2017-03-19,2017-03-21,2017-03-22,2,7
790,791,432,4,2017-03-20,2017-03-22,2017-03-23,2,6
791,792,479,4,2017-03-22,2017-03-23,2017-03-24,2,6
792,793,653,4,2017-03-23,2017-03-24,2017-03-24,2,6
793,794,863,4,2017-03-23,2017-03-25,2017-03-24,2,7
794,795,992,4,2017-03-23,2017-03-25,2017-03-26,2,7
795,796,154,4,2017-03-23,2017-03-26,2017-03-25,3,9
796,797,374,4,2017-03-24,2017-03-26,2017-03-26,2,7
797,798,619,4,2017-03-26,2017-03-28,2017-03-29,1,3
798,799,607,4,2017-03-27,2017-03-28,2017-03-29,1,3
799,800,1057,4,2017-03-27,2017-03-29,2017-03-28,2,6
800,801,78,4,2017-03-28,2017-03-29,2017-03-30,1,2
801,802,340,4,2017-03-28,2017-03-29,2017-03-30,2,6
802,803,1105,4,2017-03-28,2017-03-31,2017-03-30,3,8
803,804,95,4,2017-03-29,2017-03-31,2017-03-30,2,6
804,805,420,4,2017-03-29,2017-03-30,2017-04-01,2,6
805,806,234,4,2017-03-30,2017-03-31,2017-03-31,2,7
806,807,1148,4,2017-03-30,2017-04-01,2017-04-02,2,6
807,808,315,4,2017-03-31,2017-04-02,2017-04-02,2,6
808,809,1222,4,2017-03-31,2017-04-03,2017-04-03,2,7
809,810,153,3,2017-04-01,2017-04-01,unshipped yet,3,8
810,811,524,4,2017-04-01,2017-04-04,2017-04-04,2,7
811,812,1164,4,2017-04-01,2017-04-02,2017-04-03,2,7
812,813,1203,4,2017-04-01,2017-04-03,2017-04-02,3,9
813,814,629,4,2017-04-02,2017-04-05,2017-04-03,2,7
814,815,1251,4,2017-04-03,2017-04-05,2017-04-04,1,3
815,816,811,4,2017-04-03,2017-04-05,2017-04-05,2,6
816,817,301,4,2017-04-04,2017-04-05,2017-04-07,2,7
817,818,1319,4,2017-04-04,2017-04-07,2017-04-07,2,6
818,819,221,4,2017-04-04,2017-04-07,2017-04-05,3,9
819,820,725,4,2017-04-05,2017-04-08,2017-04-07,2,7
820,821,1181,4,2017-04-05,2017-04-07,2017-04-08,2,7
821,822,294,4,2017-04-06,2017-04-08,2017-04-09,2,7
822,823,415,4,2017-04-06,2017-04-07,2017-04-08,3,8
823,824,993,4,2017-04-07,2017-04-09,2017-04-10,1,2
824,825,10,4,2017-04-07,2017-04-08,2017-04-09,2,7
825,826,45,4,2017-04-07,2017-04-10,2017-04-10,2,6
826,827,666,4,2017-04-07,2017-04-10,2017-04-10,2,7
827,828,246,4,2017-04-09,2017-04-10,2017-04-12,2,6
828,829,674,4,2017-04-09,2017-04-10,2017-04-10,2,7
829,830,431,4,2017-04-11,2017-04-14,2017-04-12,2,6
830,831,1000,4,2017-04-11,2017-04-12,2017-04-12,2,7
831,832,1215,4,2017-04-11,2017-04-12,2017-04-12,2,7
832,833,406,4,2017-04-12,2017-04-14,2017-04-15,2,7
833,834,890,4,2017-04-12,2017-04-13,2017-04-15,2,6
834,835,940,4,2017-04-13,2017-04-15,2017-04-14,1,2
835,836,455,4,2017-04-13,2017-04-16,2017-04-14,2,6
836,837,948,4,2017-04-13,2017-04-16,2017-04-14,2,7
837,838,1395,4,2017-04-14,2017-04-17,2017-04-15,2,7
838,839,1332,4,2017-04-15,2017-04-18,2017-04-16,1,3
839,840,372,4,2017-04-15,2017-04-16,2017-04-16,2,6
840,841,428,4,2017-04-15,2017-04-18,2017-04-17,2,7
841,842,1133,4,2017-04-15,2017-04-18,2017-04-16,2,6
842,843,1059,4,2017-04-16,2017-04-17,2017-04-19,2,7
843,844,1436,4,2017-04-16,2017-04-17,2017-04-18,2,6
844,845,662,4,2017-04-17,2017-04-18,2017-04-18,2,7
845,846,715,4,2017-04-17,2017-04-19,2017-04-19,2,6
846,847,329,4,2017-04-18,2017-04-19,2017-04-19,2,7
847,848,597,4,2017-04-18,2017-04-20,2017-04-20,2,7
848,849,776,4,2017-04-19,2017-04-20,2017-04-21,1,2
849,850,1346,4,2017-04-19,2017-04-22,2017-04-22,1,3
850,851,1139,4,2017-04-20,2017-04-21,2017-04-22,2,6
851,852,13,4,2017-04-21,2017-04-23,2017-04-22,3,9
852,853,883,4,2017-04-21,2017-04-24,2017-04-24,3,8
853,854,177,4,2017-04-22,2017-04-25,2017-04-23,2,6
854,855,775,4,2017-04-22,2017-04-23,2017-04-25,2,6
855,856,477,4,2017-04-23,2017-04-25,2017-04-26,2,6
856,857,1402,4,2017-04-24,2017-04-25,2017-04-26,2,7
857,858,162,4,2017-04-25,2017-04-27,2017-04-28,2,6
858,859,644,4,2017-04-25,2017-04-26,2017-04-26,2,6
859,860,473,4,2017-04-27,2017-04-29,2017-04-28,2,7
860,861,1177,4,2017-04-27,2017-04-29,2017-04-30,2,7
861,862,1230,4,2017-04-27,2017-04-30,2017-04-29,3,8
862,863,446,4,2017-04-28,2017-04-30,2017-05-01,2,7
863,864,902,4,2017-04-28,2017-04-30,2017-04-29,2,6
864,865,974,4,2017-04-29,2017-05-02,2017-05-01,2,6
865,866,1410,4,2017-04-29,2017-04-30,2017-05-01,2,6
866,867,97,4,2017-05-01,2017-05-03,2017-05-02,1,3
867,868,868,4,2017-05-01,2017-05-04,2017-05-02,1,3
868,869,844,4,2017-05-01,2017-05-04,2017-05-02,2,7
869,870,1416,4,2017-05-01,2017-05-04,2017-05-02,2,6
870,871,358,4,2017-05-02,2017-05-04,2017-05-03,2,7
871,872,394,4,2017-05-03,2017-05-06,2017-05-06,1,3
872,873,829,4,2017-05-03,2017-05-05,2017-05-05,2,7
873,874,661,4,2017-05-04,2017-05-05,2017-05-06,2,7
874,875,386,4,2017-05-05,2017-05-06,2017-05-08,1,3
875,876,1046,4,2017-05-05,2017-05-08,2017-05-06,2,7
876,877,784,4,2017-05-06,2017-05-07,2017-05-08,2,6
877,878,224,4,2017-05-07,2017-05-10,2017-05-09,1,3
878,879,214,4,2017-05-08,2017-05-09,2017-05-09,2,7
879,880,1206,4,2017-05-08,2017-05-11,2017-05-10,2,6
880,881,1024,4,2017-05-08,2017-05-11,2017-05-11,3,9
881,882,196,4,2017-05-09,2017-05-12,2017-05-10,2,6
882,883,507,4,2017-05-11,2017-05-13,2017-05-14,2,6
883,884,871,4,2017-05-11,2017-05-13,2017-05-12,2,7
884,885,66,3,2017-05-13,2017-05-13,unshipped yet,3,8
885,886,1396,4,2017-05-13,2017-05-14,2017-05-15,1,2
886,887,1195,4,2017-05-13,2017-05-15,2017-05-15,2,6
887,888,1038,4,2017-05-14,2017-05-16,2017-05-16,2,7
888,889,830,4,2017-05-14,2017-05-17,2017-05-15,3,8
889,890,171,4,2017-05-15,2017-05-18,2017-05-18,2,6
890,891,384,4,2017-05-15,2017-05-18,2017-05-16,2,6
891,892,651,4,2017-05-15,2017-05-18,2017-05-17,2,7
892,893,1293,4,2017-05-16,2017-05-19,2017-05-19,2,7
893,894,1320,4,2017-05-16,2017-05-19,2017-05-19,2,6
894,895,857,4,2017-05-18,2017-05-21,2017-05-19,2,6
895,896,376,4,2017-05-19,2017-05-22,2017-05-21,3,9
896,897,47,4,2017-05-20,2017-05-21,2017-05-21,1,2
897,898,352,4,2017-05-20,2017-05-21,2017-05-22,2,6
898,899,605,4,2017-05-20,2017-05-21,2017-05-21,2,7
899,900,971,4,2017-05-20,2017-05-21,2017-05-22,2,6
900,901,345,4,2017-05-21,2017-05-22,2017-05-24,2,7
901,902,1278,4,2017-05-21,2017-05-24,2017-05-22,2,6
902,903,179,4,2017-05-22,2017-05-23,2017-05-24,2,7
903,904,1020,4,2017-05-23,2017-05-26,2017-05-24,1,2
904,905,609,4,2017-05-23,2017-05-26,2017-05-24,2,6
905,906,877,4,2017-05-23,2017-05-26,2017-05-26,2,7
906,907,120,4,2017-05-24,2017-05-26,2017-05-27,1,2
907,908,402,4,2017-05-25,2017-05-28,2017-05-27,2,7
908,909,188,4,2017-05-26,2017-05-27,2017-05-28,1,2
909,910,342,4,2017-05-26,2017-05-28,2017-05-28,2,7
910,911,887,4,2017-05-26,2017-05-29,2017-05-29,2,6
911,912,519,4,2017-05-27,2017-05-29,2017-05-29,1,2
912,913,699,4,2017-05-27,2017-05-29,2017-05-29,2,6
913,914,1068,4,2017-05-28,2017-05-31,2017-05-31,1,2
914,915,215,4,2017-05-28,2017-05-30,2017-05-30,2,6
915,916,718,4,2017-05-28,2017-05-29,2017-05-29,2,6
916,917,881,4,2017-05-29,2017-05-31,2017-06-01,1,2
917,918,242,4,2017-05-30,2017-05-31,2017-05-31,1,3
918,919,781,4,2017-05-30,2017-05-31,2017-05-31,2,7
919,920,966,4,2017-05-30,2017-06-01,2017-06-02,2,7
920,921,628,4,2017-05-31,2017-06-02,2017-06-02,2,6
921,922,656,4,2017-05-31,2017-06-01,2017-06-03,2,6
922,923,769,4,2017-05-31,2017-06-03,2017-06-02,2,7
923,924,68,3,2017-06-02,2017-06-02,unshipped yet,3,8
924,925,1316,4,2017-06-02,2017-06-05,2017-06-03,2,7
925,926,233,4,2017-06-03,2017-06-05,2017-06-06,1,2
926,927,1438,4,2017-06-03,2017-06-05,2017-06-06,1,2
927,928,957,4,2017-06-05,2017-06-06,2017-06-06,1,3
928,929,472,4,2017-06-05,2017-06-06,2017-06-08,2,6
929,930,1224,4,2017-06-05,2017-06-06,2017-06-06,3,9
930,931,631,4,2017-06-07,2017-06-08,2017-06-08,2,6
931,932,804,4,2017-06-07,2017-06-08,2017-06-09,2,6
932,933,909,4,2017-06-07,2017-06-10,2017-06-08,2,6
933,934,93,4,2017-06-09,2017-06-10,2017-06-12,2,7
934,935,43,3,2017-06-10,2017-06-10,unshipped yet,3,8
935,936,265,4,2017-06-10,2017-06-13,2017-06-12,2,6
936,937,73,4,2017-06-11,2017-06-14,2017-06-13,2,7
937,938,129,4,2017-06-11,2017-06-12,2017-06-12,2,6
938,939,1407,4,2017-06-11,2017-06-12,2017-06-14,2,6
939,940,585,4,2017-06-12,2017-06-14,2017-06-13,1,2
940,941,736,4,2017-06-12,2017-06-14,2017-06-14,1,2
941,942,537,4,2017-06-13,2017-06-16,2017-06-15,2,6
942,943,1025,4,2017-06-13,2017-06-15,2017-06-15,2,6
943,944,138,4,2017-06-14,2017-06-15,2017-06-17,1,3
944,945,167,4,2017-06-14,2017-06-15,2017-06-16,2,7
945,946,525,4,2017-06-14,2017-06-16,2017-06-15,2,6
946,947,278,4,2017-06-15,2017-06-18,2017-06-17,1,3
947,948,618,4,2017-06-15,2017-06-17,2017-06-17,2,6
948,949,867,4,2017-06-16,2017-06-18,2017-06-17,1,3
949,950,142,4,2017-06-16,2017-06-19,2017-06-18,2,6
950,951,339,4,2017-06-16,2017-06-19,2017-06-19,2,7
951,952,355,4,2017-06-16,2017-06-18,2017-06-18,2,7
952,953,658,4,2017-06-16,2017-06-18,2017-06-17,2,7
953,954,611,4,2017-06-17,2017-06-20,2017-06-20,2,6
954,955,880,4,2017-06-17,2017-06-19,2017-06-18,2,6
955,956,1184,4,2017-06-17,2017-06-19,2017-06-20,2,6
956,957,722,4,2017-06-17,2017-06-20,2017-06-20,3,9
957,958,1276,4,2017-06-18,2017-06-20,2017-06-19,1,2
958,959,650,4,2017-06-18,2017-06-21,2017-06-21,2,7
959,960,1390,4,2017-06-18,2017-06-19,2017-06-19,2,7
960,961,82,4,2017-06-19,2017-06-21,2017-06-22,1,2
961,962,570,4,2017-06-19,2017-06-22,2017-06-20,2,7
962,963,1432,4,2017-06-19,2017-06-21,2017-06-21,2,6
963,964,404,4,2017-06-20,2017-06-22,2017-06-22,2,7
964,965,457,4,2017-06-20,2017-06-22,2017-06-23,2,6
965,966,389,4,2017-06-20,2017-06-22,2017-06-22,3,8
966,967,1323,4,2017-06-21,2017-06-24,2017-06-24,2,6
967,968,1403,4,2017-06-21,2017-06-23,2017-06-23,2,6
968,969,248,4,2017-06-21,2017-06-24,2017-06-22,3,9
969,970,836,4,2017-06-22,2017-06-25,2017-06-23,2,7
970,971,1426,4,2017-06-22,2017-06-23,2017-06-24,3,8
971,972,270,4,2017-06-23,2017-06-24,2017-06-25,2,7
972,973,238,4,2017-06-24,2017-06-27,2017-06-27,2,6
973,974,511,4,2017-06-24,2017-06-27,2017-06-27,3,8
974,975,1092,4,2017-06-25,2017-06-27,2017-06-28,2,6
975,976,1266,4,2017-06-25,2017-06-28,2017-06-27,3,9
976,977,400,4,2017-06-26,2017-06-28,2017-06-27,2,7
977,978,1123,4,2017-06-26,2017-06-28,2017-06-27,2,6
978,979,1190,4,2017-06-26,2017-06-29,2017-06-27,2,6
979,980,328,4,2017-06-26,2017-06-28,2017-06-27,3,9
980,981,687,4,2017-06-26,2017-06-29,2017-06-28,3,8
981,982,1423,4,2017-06-26,2017-06-29,2017-06-28,3,9
982,983,1158,4,2017-06-27,2017-06-28,2017-06-29,2,6
983,984,1287,4,2017-06-27,2017-06-28,2017-06-29,2,7
984,985,461,4,2017-06-30,2017-07-02,2017-07-01,2,6
985,986,556,4,2017-06-30,2017-07-03,2017-07-01,2,7
986,987,172,4,2017-07-02,2017-07-04,2017-07-04,1,2
987,988,436,4,2017-07-02,2017-07-04,2017-07-05,2,6
988,989,1145,4,2017-07-02,2017-07-04,2017-07-03,2,6
989,990,706,4,2017-07-04,2017-07-07,2017-07-07,2,7
990,991,751,4,2017-07-06,2017-07-07,2017-07-09,1,2
991,992,723,4,2017-07-07,2017-07-10,2017-07-09,2,7
992,993,1415,4,2017-07-09,2017-07-11,2017-07-11,1,3
993,994,419,4,2017-07-09,2017-07-11,2017-07-11,2,7
994,995,621,4,2017-07-11,2017-07-13,2017-07-14,1,2
995,996,915,4,2017-07-11,2017-07-12,2017-07-12,1,2
996,997,485,4,2017-07-11,2017-07-13,2017-07-14,2,7
997,998,219,4,2017-07-12,2017-07-13,2017-07-14,2,7
998,999,590,4,2017-07-12,2017-07-13,2017-07-14,2,6
999,1000,645,4,2017-07-12,2017-07-14,2017-07-15,2,7
1000,1001,354,4,2017-07-13,2017-07-16,2017-07-15,2,6
1001,1002,1418,4,2017-07-14,2017-07-16,2017-07-16,1,3
1002,1003,503,4,2017-07-14,2017-07-16,2017-07-16,2,7
1003,1004,1389,4,2017-07-14,2017-07-17,2017-07-16,2,6
1004,1005,266,4,2017-07-15,2017-07-17,2017-07-16,2,7
1005,1006,1070,4,2017-07-15,2017-07-18,2017-07-17,2,7
1006,1007,1115,4,2017-07-16,2017-07-17,2017-07-17,2,6
1007,1008,1345,4,2017-07-16,2017-07-18,2017-07-18,2,6
1008,1009,1064,4,2017-07-16,2017-07-19,2017-07-19,3,8
1009,1010,8,3,2017-07-18,2017-07-18,unshipped yet,2,7
1010,1011,495,4,2017-07-18,2017-07-21,2017-07-21,1,3
1011,1012,620,4,2017-07-18,2017-07-20,2017-07-20,2,7
1012,1013,174,4,2017-07-19,2017-07-22,2017-07-21,2,6
1013,1014,748,4,2017-07-19,2017-07-21,2017-07-21,2,6
1014,1015,799,4,2017-07-19,2017-07-22,2017-07-21,2,7
1015,1016,1417,4,2017-07-19,2017-07-20,2017-07-21,3,9
1016,1017,168,4,2017-07-20,2017-07-21,2017-07-23,2,6
1017,1018,290,4,2017-07-22,2017-07-23,2017-07-23,2,6
1018,1019,408,4,2017-07-22,2017-07-23,2017-07-24,2,7
1019,1020,16,3,2017-07-23,2017-07-23,unshipped yet,2,6
1020,1021,125,4,2017-07-23,2017-07-24,2017-07-26,2,6
1021,1022,353,4,2017-07-23,2017-07-26,2017-07-24,2,7
1022,1023,356,4,2017-07-23,2017-07-26,2017-07-25,2,6
1023,1024,837,4,2017-07-23,2017-07-25,2017-07-26,2,7
1024,1025,1304,4,2017-07-23,2017-07-26,2017-07-26,2,6
1025,1026,1370,4,2017-07-26,2017-07-28,2017-07-29,1,2
1026,1027,588,4,2017-07-26,2017-07-28,2017-07-28,2,6
1027,1028,1273,4,2017-07-27,2017-07-28,2017-07-30,2,7
1028,1029,407,4,2017-07-29,2017-07-30,2017-08-01,1,3
1029,1030,161,4,2017-07-29,2017-07-30,2017-07-31,2,6
1030,1031,1308,4,2017-07-30,2017-08-01,2017-08-02,1,2
1031,1032,429,4,2017-07-30,2017-08-02,2017-08-01,2,6
1032,1033,582,4,2017-07-30,2017-07-31,2017-08-02,2,7
1033,1034,895,4,2017-07-30,2017-07-31,2017-07-31,2,7
1034,1035,1283,4,2017-07-30,2017-08-02,2017-08-02,2,6
1035,1036,1442,4,2017-07-30,2017-08-01,2017-07-31,2,6
1036,1037,1229,4,2017-07-31,2017-08-02,2017-08-03,2,6
1037,1038,1281,4,2017-07-31,2017-08-01,2017-08-03,2,7
1038,1039,1077,4,2017-08-02,2017-08-04,2017-08-03,2,7
1039,1040,1225,4,2017-08-04,2017-08-07,2017-08-05,1,2
1040,1041,70,4,2017-08-04,2017-08-06,2017-08-05,2,7
1041,1042,539,4,2017-08-06,2017-08-07,2017-08-07,2,7
1042,1043,1235,4,2017-08-06,2017-08-09,2017-08-08,2,6
1043,1044,1270,4,2017-08-07,2017-08-10,2017-08-08,2,7
1044,1045,185,4,2017-08-07,2017-08-09,2017-08-10,3,9
1045,1046,1134,4,2017-08-07,2017-08-09,2017-08-08,3,8
1046,1047,116,3,2017-08-08,2017-08-08,unshipped yet,3,8
1047,1048,777,4,2017-08-08,2017-08-10,2017-08-09,2,7
1048,1049,194,4,2017-08-09,2017-08-11,2017-08-10,1,2
1049,1050,239,4,2017-08-09,2017-08-12,2017-08-12,1,3
1050,1051,209,4,2017-08-10,2017-08-11,2017-08-11,2,7
1051,1052,460,4,2017-08-10,2017-08-12,2017-08-13,2,6
1052,1053,1439,4,2017-08-10,2017-08-11,2017-08-12,2,6
1053,1054,189,4,2017-08-11,2017-08-12,2017-08-12,2,7
1054,1055,140,4,2017-08-12,2017-08-15,2017-08-15,2,6
1055,1056,325,4,2017-08-12,2017-08-15,2017-08-13,2,7
1056,1057,456,4,2017-08-12,2017-08-15,2017-08-13,2,7
1057,1058,782,4,2017-08-13,2017-08-16,2017-08-14,2,6
1058,1059,6,4,2017-08-14,2017-08-17,2017-08-17,2,7
1059,1060,182,4,2017-08-15,2017-08-18,2017-08-17,2,6
1060,1061,655,4,2017-08-15,2017-08-18,2017-08-18,2,7
1061,1062,1210,4,2017-08-15,2017-08-17,2017-08-18,2,6
1062,1063,198,4,2017-08-16,2017-08-19,2017-08-19,3,8
1063,1064,898,4,2017-08-16,2017-08-18,2017-08-19,3,9
1064,1065,25,4,2017-08-17,2017-08-19,2017-08-19,2,7
1065,1066,106,4,2017-08-17,2017-08-20,2017-08-19,2,7
1066,1067,225,4,2017-08-17,2017-08-19,2017-08-19,2,7
1067,1068,453,4,2017-08-17,2017-08-20,2017-08-19,2,7
1068,1069,493,4,2017-08-17,2017-08-19,2017-08-18,2,6
1069,1070,596,4,2017-08-17,2017-08-20,2017-08-18,2,7
1070,1071,602,4,2017-08-17,2017-08-20,2017-08-18,3,8
1071,1072,47,3,2017-08-18,2017-08-18,unshipped yet,1,3
1072,1073,911,4,2017-08-18,2017-08-19,2017-08-21,2,7
1073,1074,11,3,2017-08-19,2017-08-19,unshipped yet,2,6
1074,1075,1003,4,2017-08-19,2017-08-21,2017-08-22,1,3
1075,1076,42,4,2017-08-19,2017-08-22,2017-08-22,2,6
1076,1077,412,4,2017-08-19,2017-08-20,2017-08-21,2,6
1077,1078,793,4,2017-08-19,2017-08-21,2017-08-20,2,6
1078,1079,812,4,2017-08-19,2017-08-20,2017-08-20,2,7
1079,1080,1086,4,2017-08-19,2017-08-20,2017-08-20,2,7
1080,1081,1106,4,2017-08-19,2017-08-22,2017-08-22,2,6
1081,1082,1327,4,2017-08-20,2017-08-22,2017-08-21,2,6
1082,1083,1372,4,2017-08-20,2017-08-23,2017-08-23,2,6
1083,1084,2,4,2017-08-21,2017-08-24,2017-08-23,1,2
1084,1085,305,4,2017-08-21,2017-08-23,2017-08-23,1,3
1085,1086,220,4,2017-08-21,2017-08-23,2017-08-24,2,7
1086,1087,675,4,2017-08-22,2017-08-23,2017-08-25,3,8
1087,1088,1160,4,2017-08-22,2017-08-23,2017-08-23,3,8
1088,1089,46,3,2017-08-23,2017-08-23,unshipped yet,1,2
1089,1090,1427,4,2017-08-24,2017-08-26,2017-08-26,1,2
1090,1091,1260,4,2017-08-24,2017-08-25,2017-08-25,2,7
1091,1092,40,4,2017-08-25,2017-08-28,2017-08-27,1,2
1092,1093,326,4,2017-08-25,2017-08-28,2017-08-26,1,3
1093,1094,828,4,2017-08-25,2017-08-27,2017-08-28,2,6
1094,1095,1382,4,2017-08-26,2017-08-28,2017-08-27,3,9
1095,1096,589,4,2017-08-27,2017-08-29,2017-08-29,1,2
1096,1097,1311,4,2017-08-27,2017-08-30,2017-08-28,2,6
1097,1098,752,4,2017-08-28,2017-08-30,2017-08-30,1,2
1098,1099,1128,4,2017-08-28,2017-08-29,2017-08-30,2,6
1099,1100,1392,4,2017-08-28,2017-08-29,2017-08-29,2,7
1100,1101,379,4,2017-08-29,2017-08-30,2017-08-30,2,7
1101,1102,1317,4,2017-08-29,2017-08-31,2017-08-31,2,6
1102,1103,1394,4,2017-08-31,2017-09-02,2017-09-02,2,7
1103,1104,268,4,2017-09-01,2017-09-04,2017-09-03,2,6
1104,1105,747,4,2017-09-01,2017-09-04,2017-09-03,3,8
1105,1106,1009,4,2017-09-02,2017-09-04,2017-09-04,2,6
1106,1107,1424,4,2017-09-02,2017-09-05,2017-09-05,2,7
1107,1108,735,4,2017-09-03,2017-09-05,2017-09-04,1,3
1108,1109,23,4,2017-09-03,2017-09-04,2017-09-04,2,6
1109,1110,912,4,2017-09-04,2017-09-07,2017-09-07,2,6
1110,1111,930,4,2017-09-04,2017-09-06,2017-09-05,2,6
1111,1112,798,4,2017-09-05,2017-09-08,2017-09-07,2,7
1112,1113,388,4,2017-09-06,2017-09-08,2017-09-07,2,7
1113,1114,1036,4,2017-09-06,2017-09-08,2017-09-08,2,6
1114,1115,1100,4,2017-09-07,2017-09-09,2017-09-09,2,6
1115,1116,52,4,2017-09-08,2017-09-10,2017-09-10,2,7
1116,1117,334,4,2017-09-08,2017-09-10,2017-09-10,2,6
1117,1118,1023,4,2017-09-08,2017-09-11,2017-09-11,2,6
1118,1119,749,4,2017-09-10,2017-09-12,2017-09-13,1,2
1119,1120,1269,4,2017-09-10,2017-09-12,2017-09-13,2,7
1120,1121,143,4,2017-09-11,2017-09-13,2017-09-12,2,7
1121,1122,1132,4,2017-09-12,2017-09-14,2017-09-14,2,6
1122,1123,598,4,2017-09-13,2017-09-14,2017-09-14,2,7
1123,1124,275,4,2017-09-13,2017-09-14,2017-09-16,3,9
1124,1125,945,4,2017-09-14,2017-09-15,2017-09-15,2,7
1125,1126,1213,4,2017-09-14,2017-09-16,2017-09-15,3,8
1126,1127,494,4,2017-09-15,2017-09-16,2017-09-16,2,7
1127,1128,936,4,2017-09-15,2017-09-17,2017-09-16,2,6
1128,1129,663,4,2017-09-17,2017-09-18,2017-09-20,2,6
1129,1130,69,4,2017-09-18,2017-09-20,2017-09-20,1,3
1130,1131,1178,4,2017-09-18,2017-09-20,2017-09-19,1,3
1131,1132,351,4,2017-09-19,2017-09-20,2017-09-20,2,6
1132,1133,517,4,2017-09-19,2017-09-21,2017-09-21,2,7
1133,1134,978,4,2017-09-19,2017-09-22,2017-09-20,2,6
1134,1135,1347,4,2017-09-19,2017-09-21,2017-09-20,2,6
1135,1136,1050,4,2017-09-20,2017-09-21,2017-09-21,2,6
1136,1137,810,4,2017-09-20,2017-09-23,2017-09-23,3,8
1137,1138,254,4,2017-09-21,2017-09-23,2017-09-22,1,2
1138,1139,1006,4,2017-09-21,2017-09-22,2017-09-23,1,2
1139,1140,1063,4,2017-09-21,2017-09-22,2017-09-22,3,8
1140,1141,1076,4,2017-09-22,2017-09-23,2017-09-24,1,2
1141,1142,554,4,2017-09-23,2017-09-26,2017-09-26,1,3
1142,1143,1087,4,2017-09-24,2017-09-26,2017-09-27,1,2
1143,1144,1414,4,2017-09-24,2017-09-27,2017-09-27,2,7
1144,1145,617,4,2017-09-25,2017-09-27,2017-09-26,2,6
1145,1146,757,4,2017-09-25,2017-09-26,2017-09-28,2,7
1146,1147,1344,4,2017-09-25,2017-09-26,2017-09-27,2,6
1147,1148,1379,4,2017-09-25,2017-09-26,2017-09-27,2,7
1148,1149,787,4,2017-09-27,2017-09-30,2017-09-30,2,7
1149,1150,1183,4,2017-09-28,2017-10-01,2017-09-30,2,7
1150,1151,708,4,2017-09-29,2017-09-30,2017-09-30,1,3
1151,1152,1244,4,2017-09-29,2017-10-02,2017-10-01,2,6
1152,1153,720,4,2017-09-30,2017-10-03,2017-10-03,2,7
1153,1154,789,4,2017-09-30,2017-10-03,2017-10-03,2,7
1154,1155,865,4,2017-09-30,2017-10-01,2017-10-01,2,7
1155,1156,869,4,2017-09-30,2017-10-03,2017-10-03,2,7
1156,1157,24,4,2017-10-01,2017-10-03,2017-10-04,1,3
1157,1158,889,4,2017-10-01,2017-10-03,2017-10-02,1,2
1158,1159,1221,4,2017-10-01,2017-10-02,2017-10-03,1,3
1159,1160,1262,4,2017-10-01,2017-10-02,2017-10-04,1,2
1160,1161,41,4,2017-10-01,2017-10-04,2017-10-02,2,7
1161,1162,888,4,2017-10-01,2017-10-03,2017-10-03,2,6
1162,1163,934,4,2017-10-01,2017-10-02,2017-10-02,2,6
1163,1164,1067,4,2017-10-01,2017-10-02,2017-10-03,2,6
1164,1165,652,4,2017-10-02,2017-10-03,2017-10-05,2,7
1165,1166,286,4,2017-10-03,2017-10-04,2017-10-04,2,7
1166,1167,900,4,2017-10-04,2017-10-07,2017-10-06,1,2
1167,1168,1031,4,2017-10-04,2017-10-05,2017-10-06,2,6
1168,1169,1421,4,2017-10-04,2017-10-06,2017-10-07,2,7
1169,1170,534,4,2017-10-05,2017-10-07,2017-10-06,2,6
1170,1171,826,4,2017-10-05,2017-10-06,2017-10-08,2,6
1171,1172,1339,4,2017-10-07,2017-10-10,2017-10-09,2,7
1172,1173,548,4,2017-10-08,2017-10-10,2017-10-09,2,7
1173,1174,1109,4,2017-10-08,2017-10-10,2017-10-11,2,6
1174,1175,292,4,2017-10-09,2017-10-11,2017-10-12,2,6
1175,1176,1111,4,2017-10-10,2017-10-13,2017-10-11,3,9
1176,1177,21,3,2017-10-12,2017-10-12,unshipped yet,3,9
1177,1178,771,4,2017-10-12,2017-10-15,2017-10-13,2,6
1178,1179,1150,4,2017-10-12,2017-10-15,2017-10-15,3,9
1179,1180,1065,4,2017-10-13,2017-10-16,2017-10-16,1,3
1180,1181,1022,4,2017-10-13,2017-10-16,2017-10-15,2,7
1181,1182,1422,4,2017-10-13,2017-10-14,2017-10-16,2,7
1182,1183,216,4,2017-10-14,2017-10-17,2017-10-17,2,6
1183,1184,369,4,2017-10-14,2017-10-15,2017-10-16,2,6
1184,1185,960,4,2017-10-14,2017-10-16,2017-10-17,2,6
1185,1186,1120,4,2017-10-14,2017-10-16,2017-10-15,2,6
1186,1187,486,4,2017-10-15,2017-10-18,2017-10-16,2,6
1187,1188,647,4,2017-10-15,2017-10-18,2017-10-17,2,7
1188,1189,1090,4,2017-10-15,2017-10-17,2017-10-18,2,6
1189,1190,34,4,2017-10-16,2017-10-19,2017-10-17,2,6
1190,1191,186,4,2017-10-17,2017-10-18,2017-10-18,2,6
1191,1192,1114,4,2017-10-17,2017-10-19,2017-10-18,2,6
1192,1193,1412,4,2017-10-17,2017-10-19,2017-10-19,2,7
1193,1194,192,4,2017-10-19,2017-10-22,2017-10-22,1,2
1194,1195,229,4,2017-10-19,2017-10-21,2017-10-21,2,7
1195,1196,508,4,2017-10-19,2017-10-21,2017-10-20,2,6
1196,1197,269,4,2017-10-21,2017-10-23,2017-10-23,2,6
1197,1198,1289,4,2017-10-22,2017-10-24,2017-10-24,2,7
1198,1199,318,4,2017-10-23,2017-10-24,2017-10-26,1,2
1199,1200,48,4,2017-10-23,2017-10-25,2017-10-26,2,6
1200,1201,201,4,2017-10-23,2017-10-24,2017-10-24,2,6
1201,1202,593,4,2017-10-24,2017-10-25,2017-10-25,2,6
1202,1203,1191,4,2017-10-25,2017-10-27,2017-10-26,2,7
1203,1204,1277,4,2017-10-25,2017-10-28,2017-10-28,2,6
1204,1205,1091,4,2017-10-26,2017-10-28,2017-10-28,1,2
1205,1206,222,4,2017-10-26,2017-10-29,2017-10-29,2,6
1206,1207,1002,4,2017-10-26,2017-10-28,2017-10-27,2,6
1207,1208,1226,4,2017-10-26,2017-10-28,2017-10-27,2,7
1208,1209,1342,4,2017-10-26,2017-10-27,2017-10-29,2,7
1209,1210,730,4,2017-10-26,2017-10-27,2017-10-29,3,8
1210,1211,19,4,2017-10-27,2017-10-28,2017-10-29,2,7
1211,1212,213,4,2017-10-27,2017-10-30,2017-10-29,2,6
1212,1213,669,4,2017-10-27,2017-10-29,2017-10-29,3,9
1213,1214,783,4,2017-10-28,2017-10-29,2017-10-29,2,6
1214,1215,807,4,2017-10-28,2017-10-31,2017-10-30,2,7
1215,1216,886,4,2017-10-28,2017-10-30,2017-10-29,2,7
1216,1217,1155,4,2017-10-28,2017-10-31,2017-10-30,2,7
1217,1218,1017,4,2017-10-30,2017-11-01,2017-10-31,1,2
1218,1219,840,4,2017-10-30,2017-11-02,2017-11-02,2,7
1219,1220,803,4,2017-10-31,2017-11-03,2017-11-03,2,6
1220,1221,1290,4,2017-10-31,2017-11-02,2017-11-01,2,7
1221,1222,482,4,2017-11-01,2017-11-04,2017-11-03,3,9
1222,1223,1207,4,2017-11-02,2017-11-03,2017-11-03,2,6
1223,1224,544,4,2017-11-03,2017-11-04,2017-11-04,2,6
1224,1225,768,4,2017-11-04,2017-11-05,2017-11-07,1,2
1225,1226,226,4,2017-11-04,2017-11-07,2017-11-06,2,7
1226,1227,702,4,2017-11-04,2017-11-07,2017-11-06,2,6
1227,1228,1041,4,2017-11-04,2017-11-06,2017-11-06,2,6
1228,1229,89,4,2017-11-05,2017-11-08,2017-11-06,1,3
1229,1230,1107,4,2017-11-05,2017-11-06,2017-11-07,2,6
1230,1231,1180,4,2017-11-05,2017-11-07,2017-11-06,2,6
1231,1232,665,4,2017-11-06,2017-11-07,2017-11-09,1,3
1232,1233,462,4,2017-11-06,2017-11-07,2017-11-08,2,6
1233,1234,19,3,2017-11-07,2017-11-07,unshipped yet,2,6
1234,1235,210,4,2017-11-07,2017-11-08,2017-11-09,2,6
1235,1236,243,4,2017-11-08,2017-11-11,2017-11-09,2,7
1236,1237,571,4,2017-11-09,2017-11-12,2017-11-11,1,2
1237,1238,998,4,2017-11-09,2017-11-10,2017-11-11,2,6
1238,1239,1197,4,2017-11-09,2017-11-10,2017-11-11,2,7
1239,1240,903,4,2017-11-10,2017-11-11,2017-11-11,2,7
1240,1241,1170,4,2017-11-10,2017-11-12,2017-11-11,2,7
1241,1242,303,4,2017-11-11,2017-11-12,2017-11-12,2,6
1242,1243,346,4,2017-11-11,2017-11-13,2017-11-14,2,6
1243,1244,333,4,2017-11-12,2017-11-14,2017-11-13,2,6
1244,1245,1166,4,2017-11-13,2017-11-16,2017-11-14,2,7
1245,1246,1329,4,2017-11-13,2017-11-16,2017-11-16,2,7
1246,1247,426,4,2017-11-16,2017-11-18,2017-11-17,1,2
1247,1248,1367,4,2017-11-16,2017-11-17,2017-11-18,1,3
1248,1249,545,4,2017-11-17,2017-11-18,2017-11-20,2,6
1249,1250,1188,4,2017-11-17,2017-11-19,2017-11-18,2,6
1250,1251,289,4,2017-11-17,2017-11-19,2017-11-19,3,9
1251,1252,110,4,2017-11-18,2017-11-20,2017-11-21,1,3
1252,1253,44,4,2017-11-18,2017-11-21,2017-11-21,2,6
1253,1254,1098,4,2017-11-18,2017-11-19,2017-11-19,2,7
1254,1255,375,4,2017-11-19,2017-11-20,2017-11-21,2,6
1255,1256,458,4,2017-11-19,2017-11-20,2017-11-22,2,6
1256,1257,1136,4,2017-11-19,2017-11-22,2017-11-20,2,7
1257,1258,1099,4,2017-11-20,2017-11-21,2017-11-22,2,7
1258,1259,4,3,2017-11-21,2017-11-21,unshipped yet,2,7
1259,1260,1117,4,2017-11-22,2017-11-23,2017-11-24,2,6
1260,1261,435,4,2017-11-23,2017-11-25,2017-11-24,2,7
1261,1262,509,4,2017-11-23,2017-11-26,2017-11-26,2,6
1262,1263,1408,4,2017-11-23,2017-11-26,2017-11-26,2,6
1263,1264,113,4,2017-11-24,2017-11-27,2017-11-25,2,6
1264,1265,950,4,2017-11-24,2017-11-27,2017-11-27,2,7
1265,1266,387,4,2017-11-25,2017-11-28,2017-11-27,2,6
1266,1267,467,4,2017-11-25,2017-11-26,2017-11-26,2,6
1267,1268,774,4,2017-11-26,2017-11-28,2017-11-29,1,3
1268,1269,1236,4,2017-11-26,2017-11-29,2017-11-29,2,6
1269,1270,1388,4,2017-11-26,2017-11-29,2017-11-29,2,6
1270,1271,734,4,2017-11-27,2017-11-30,2017-11-30,2,6
1271,1272,935,4,2017-11-27,2017-11-29,2017-11-30,2,6
1272,1273,1268,4,2017-11-27,2017-11-29,2017-11-29,2,6
1273,1274,1364,4,2017-11-28,2017-11-29,2017-12-01,2,7
1274,1275,165,4,2017-11-29,2017-12-01,2017-11-30,1,2
1275,1276,893,4,2017-11-30,2017-12-03,2017-12-02,2,6
1276,1277,227,4,2017-12-01,2017-12-04,2017-12-02,2,6
1277,1278,980,4,2017-12-01,2017-12-02,2017-12-04,2,7
1278,1279,1014,4,2017-12-01,2017-12-04,2017-12-03,2,6
1279,1280,123,4,2017-12-01,2017-12-03,2017-12-03,3,9
1280,1281,1060,4,2017-12-02,2017-12-05,2017-12-05,2,6
1281,1282,320,4,2017-12-03,2017-12-05,2017-12-05,2,6
1282,1283,85,4,2017-12-04,2017-12-07,2017-12-07,2,7
1283,1284,128,4,2017-12-04,2017-12-06,2017-12-07,2,7
1284,1285,262,4,2017-12-04,2017-12-07,2017-12-07,2,7
1285,1286,1033,4,2017-12-04,2017-12-07,2017-12-06,2,7
1286,1287,279,4,2017-12-07,2017-12-10,2017-12-09,1,3
1287,1288,778,4,2017-12-07,2017-12-10,2017-12-09,3,9
1288,1289,1292,4,2017-12-08,2017-12-11,2017-12-10,1,3
1289,1290,967,4,2017-12-08,2017-12-10,2017-12-10,2,6
1290,1291,1284,4,2017-12-09,2017-12-11,2017-12-12,2,6
1291,1292,285,4,2017-12-10,2017-12-13,2017-12-11,2,6
1292,1293,1401,4,2017-12-10,2017-12-12,2017-12-11,2,7
1293,1294,947,4,2017-12-11,2017-12-13,2017-12-14,1,2
1294,1295,37,4,2017-12-11,2017-12-12,2017-12-14,2,7
1295,1296,231,4,2017-12-14,2017-12-17,2017-12-15,1,3
1296,1297,108,4,2017-12-14,2017-12-17,2017-12-16,2,6
1297,1298,533,4,2017-12-14,2017-12-17,2017-12-16,3,9
1298,1299,1216,4,2017-12-15,2017-12-18,2017-12-16,1,2
1299,1300,824,4,2017-12-15,2017-12-17,2017-12-17,2,6
1300,1301,1088,4,2017-12-16,2017-12-19,2017-12-19,1,3
1301,1302,322,4,2017-12-16,2017-12-18,2017-12-19,2,7
1302,1303,878,4,2017-12-16,2017-12-19,2017-12-18,2,7
1303,1304,1409,4,2017-12-16,2017-12-17,2017-12-17,2,6
1304,1305,257,4,2017-12-17,2017-12-19,2017-12-18,2,7
1305,1306,28,4,2017-12-20,2017-12-21,2017-12-22,2,6
1306,1307,1384,4,2017-12-22,2017-12-23,2017-12-25,1,2
1307,1308,713,4,2017-12-22,2017-12-24,2017-12-24,2,7
1308,1309,821,4,2017-12-22,2017-12-25,2017-12-24,2,6
1309,1310,444,4,2017-12-24,2017-12-25,2017-12-26,1,3
1310,1311,1021,4,2017-12-24,2017-12-26,2017-12-27,2,6
1311,1312,311,4,2017-12-25,2017-12-28,2017-12-26,1,3
1312,1313,1294,4,2017-12-25,2017-12-27,2017-12-27,1,3
1313,1314,1027,4,2017-12-25,2017-12-26,2017-12-28,2,7
1314,1315,931,4,2017-12-25,2017-12-27,2017-12-28,3,9
1315,1316,846,4,2017-12-26,2017-12-29,2017-12-27,1,3
1316,1317,418,4,2017-12-27,2017-12-28,2017-12-29,1,3
1317,1318,75,4,2017-12-27,2017-12-30,2017-12-29,2,6
1318,1319,604,4,2017-12-27,2017-12-30,2017-12-30,2,6
1319,1320,244,4,2017-12-28,2017-12-30,2017-12-29,1,3
1320,1321,217,4,2017-12-30,2017-12-31,2017-12-31,1,3
1321,1322,39,4,2017-12-31,1018-01-03,1018-01-02,2,7
1322,1323,273,4,2017-12-31,1018-01-01,1018-01-01,2,6
1323,1324,862,4,1018-01-01,1018-01-04,1018-01-03,2,6
1324,1325,68,4,1018-01-01,1018-01-02,1018-01-03,3,8
1325,1326,567,4,1018-01-01,1018-01-03,1018-01-02,3,9
1326,1327,1026,4,1018-01-02,1018-01-03,1018-01-05,2,6
1327,1328,1083,4,2018-01-02,2018-01-03,2018-01-03,2,6
1328,1329,443,4,2018-01-04,2018-01-05,2018-01-06,1,3
1329,1330,761,4,2018-01-04,2018-01-05,2018-01-07,2,7
1330,1331,1122,4,2018-01-05,2018-01-06,2018-01-08,2,6
1331,1332,256,4,2018-01-06,2018-01-07,2018-01-09,2,7
1332,1333,203,4,2018-01-06,2018-01-07,2018-01-07,3,8
1333,1334,425,4,2018-01-07,2018-01-09,2018-01-10,2,6
1334,1335,955,4,2018-01-07,2018-01-08,2018-01-08,2,7
1335,1336,904,4,2018-01-09,2018-01-10,2018-01-12,1,2
1336,1337,970,4,2018-01-09,2018-01-12,2018-01-12,2,7
1337,1338,905,4,2018-01-10,2018-01-11,2018-01-13,2,6
1338,1339,580,4,2018-01-11,2018-01-14,2018-01-13,1,3
1339,1340,1066,4,2018-01-12,2018-01-13,2018-01-13,1,3
1340,1341,1258,4,2018-01-12,2018-01-13,2018-01-14,2,7
1341,1342,1393,4,2018-01-12,2018-01-13,2018-01-15,2,7
1342,1343,594,4,2018-01-13,2018-01-15,2018-01-14,2,6
1343,1344,916,4,2018-01-13,2018-01-16,2018-01-15,2,6
1344,1345,1037,4,2018-01-14,2018-01-15,2018-01-15,2,6
1345,1346,136,4,2018-01-14,2018-01-15,2018-01-15,3,8
1346,1347,247,4,2018-01-15,2018-01-18,2018-01-18,1,2
1347,1348,1214,4,2018-01-15,2018-01-17,2018-01-17,1,2
1348,1349,464,4,2018-01-15,2018-01-17,2018-01-16,2,6
1349,1350,637,4,2018-01-15,2018-01-18,2018-01-17,2,7
1350,1351,1016,4,2018-01-16,2018-01-19,2018-01-19,2,7
1351,1352,1433,4,2018-01-16,2018-01-18,2018-01-18,2,6
1352,1353,502,4,2018-01-17,2018-01-19,2018-01-18,2,6
1353,1354,476,4,2018-01-19,2018-01-20,2018-01-21,1,3
1354,1355,1010,4,2018-01-19,2018-01-21,2018-01-20,2,7
1355,1356,1161,4,2018-01-19,2018-01-21,2018-01-22,2,6
1356,1357,440,4,2018-01-20,2018-01-23,2018-01-21,2,6
1357,1358,253,4,2018-01-21,2018-01-23,2018-01-24,1,2
1358,1359,1008,4,2018-01-21,2018-01-22,2018-01-22,3,9
1359,1360,71,4,2018-01-22,2018-01-25,2018-01-24,2,6
1360,1361,1084,4,2018-01-22,2018-01-24,2018-01-23,2,7
1361,1362,310,4,2018-01-23,2018-01-24,2018-01-25,2,6
1362,1363,860,4,2018-01-24,2018-01-25,2018-01-25,2,6
1363,1364,122,4,2018-01-25,2018-01-28,2018-01-28,2,6
1364,1365,689,4,2018-01-25,2018-01-28,2018-01-27,2,7
1365,1366,1441,4,2018-01-26,2018-01-27,2018-01-28,2,6
1366,1367,1118,4,2018-01-27,2018-01-28,2018-01-28,1,3
1367,1368,765,4,2018-01-27,2018-01-28,2018-01-29,2,6
1368,1369,92,4,2018-01-28,2018-01-30,2018-01-30,2,6
1369,1370,115,4,2018-01-28,2018-01-29,2018-01-29,2,7
1370,1371,937,4,2018-01-29,2018-01-30,2018-02-01,2,7
1371,1372,1013,4,2018-01-29,2018-02-01,2018-01-30,2,6
1372,1373,427,4,2018-01-29,2018-01-31,2018-01-31,3,9
1373,1374,1330,4,2018-01-30,2018-02-01,2018-02-01,1,3
1374,1375,312,4,2018-01-30,2018-02-01,2018-02-01,3,8
1375,1376,1186,4,2018-02-01,2018-02-02,2018-02-03,1,2
1376,1377,1007,4,2018-02-01,2018-02-03,2018-02-03,2,7
1377,1378,983,4,2018-02-02,2018-02-05,2018-02-04,1,2
1378,1379,1256,4,2018-02-02,2018-02-05,2018-02-05,2,6
1379,1380,818,4,2018-02-05,2018-02-08,2018-02-08,1,3
1380,1381,680,4,2018-02-05,2018-02-06,2018-02-08,2,7
1381,1382,1303,4,2018-02-06,2018-02-09,2018-02-08,2,6
1382,1383,488,4,2018-02-07,2018-02-08,2018-02-08,1,3
1383,1384,1126,4,2018-02-08,2018-02-10,2018-02-09,2,7
1384,1385,866,4,2018-02-08,2018-02-11,2018-02-09,3,9
1385,1386,1254,4,2018-02-09,2018-02-10,2018-02-11,1,2
1386,1387,11,4,2018-02-09,2018-02-11,2018-02-11,2,7
1387,1388,323,4,2018-02-09,2018-02-12,2018-02-12,2,7
1388,1389,491,4,2018-02-11,2018-02-12,2018-02-14,2,7
1389,1390,63,4,2018-02-12,2018-02-13,2018-02-13,2,7
1390,1391,914,4,2018-02-13,2018-02-14,2018-02-14,2,7
1391,1392,1187,4,2018-02-13,2018-02-14,2018-02-14,2,6
1392,1393,547,4,2018-02-14,2018-02-15,2018-02-15,2,7
1393,1394,906,4,2018-02-14,2018-02-16,2018-02-16,3,8
1394,1395,1052,4,2018-02-15,2018-02-18,2018-02-16,1,3
1395,1396,856,4,2018-02-15,2018-02-18,2018-02-16,2,7
1396,1397,920,4,2018-02-15,2018-02-17,2018-02-16,2,6
1397,1398,1383,4,2018-02-16,2018-02-19,2018-02-19,1,3
1398,1399,146,4,2018-02-16,2018-02-18,2018-02-18,2,6
1399,1400,987,4,2018-02-17,2018-02-18,2018-02-18,2,6
1400,1401,15,4,2018-02-18,2018-02-19,2018-02-20,2,7
1401,1402,1171,4,2018-02-19,2018-02-21,2018-02-21,2,6
1402,1403,452,4,2018-02-21,2018-02-22,2018-02-22,2,7
1403,1404,1240,4,2018-02-23,2018-02-26,2018-02-24,1,3
1404,1405,100,4,2018-02-25,2018-02-28,2018-02-27,2,6
1405,1406,1053,4,2018-02-25,2018-02-27,2018-02-27,2,7
1406,1407,18,3,2018-02-26,2018-02-26,unshipped yet,2,6
1407,1408,1172,4,2018-02-26,2018-02-27,2018-03-01,2,6
1408,1409,21,4,2018-02-26,2018-02-28,2018-02-28,3,8
1409,1410,1005,4,2018-02-27,2018-02-28,2018-02-28,2,7
1410,1411,109,4,2018-03-01,2018-03-02,2018-03-02,1,2
1411,1412,1043,4,2018-03-01,2018-03-02,2018-03-04,2,7
1412,1413,56,4,2018-03-01,2018-03-03,2018-03-04,3,8
1413,1414,293,4,2018-03-03,2018-03-05,2018-03-06,2,7
1414,1415,839,4,2018-03-03,2018-03-04,2018-03-05,2,7
1415,1416,566,4,2018-03-03,2018-03-04,2018-03-06,3,8
1416,1417,300,4,2018-03-04,2018-03-06,2018-03-07,1,2
1417,1418,364,4,2018-03-04,2018-03-05,2018-03-07,2,6
1418,1419,474,4,2018-03-04,2018-03-07,2018-03-07,2,6
1419,1420,838,4,2018-03-04,2018-03-05,2018-03-07,2,7
1420,1421,1176,4,2018-03-05,2018-03-07,2018-03-07,2,7
1421,1422,599,4,2018-03-05,2018-03-06,2018-03-08,3,8
1422,1423,1231,4,2018-03-06,2018-03-07,2018-03-07,1,2
1423,1424,1445,4,2018-03-07,2018-03-10,2018-03-10,1,2
1424,1425,126,4,2018-03-07,2018-03-09,2018-03-09,2,6
1425,1426,938,4,2018-03-07,2018-03-08,2018-03-10,2,6
1426,1427,999,4,2018-03-07,2018-03-08,2018-03-08,2,6
1427,1428,195,4,2018-03-08,2018-03-10,2018-03-11,2,7
1428,1429,1116,4,2018-03-08,2018-03-09,2018-03-09,2,6
1429,1430,1239,4,2018-03-10,2018-03-13,2018-03-11,2,7
1430,1431,308,4,2018-03-11,2018-03-12,2018-03-14,2,6
1431,1432,483,4,2018-03-11,2018-03-12,2018-03-14,2,6
1432,1433,1142,4,2018-03-11,2018-03-13,2018-03-12,2,7
1433,1434,595,4,2018-03-14,2018-03-16,2018-03-16,2,6
1434,1435,744,4,2018-03-14,2018-03-15,2018-03-16,2,6
1435,1436,1044,4,2018-03-14,2018-03-17,2018-03-16,2,6
1436,1437,518,4,2018-03-15,2018-03-16,2018-03-16,1,2
1437,1438,263,4,2018-03-15,2018-03-17,2018-03-16,2,6
1438,1439,463,4,2018-03-15,2018-03-16,2018-03-17,2,7
1439,1440,859,4,2018-03-15,2018-03-18,2018-03-16,3,8
1440,1441,982,4,2018-03-15,2018-03-16,2018-03-18,3,8
1441,1442,478,4,2018-03-16,2018-03-17,2018-03-17,2,7
1442,1443,972,4,2018-03-16,2018-03-17,2018-03-17,2,7
1443,1444,1154,4,2018-03-16,2018-03-17,2018-03-19,2,6
1444,1445,515,4,2018-03-17,2018-03-18,2018-03-20,2,7
1445,1446,820,4,2018-03-17,2018-03-18,2018-03-18,2,6
1446,1447,1419,4,2018-03-18,2018-03-20,2018-03-20,1,3
1447,1448,228,4,2018-03-18,2018-03-19,2018-03-21,2,6
1448,1449,330,4,2018-03-18,2018-03-19,2018-03-20,2,7
1449,1450,296,4,2018-03-19,2018-03-20,2018-03-22,2,7
1450,1451,822,4,2018-03-19,2018-03-22,2018-03-20,2,6
1451,1452,287,4,2018-03-20,2018-03-23,2018-03-23,1,3
1452,1453,601,4,2018-03-20,2018-03-23,2018-03-22,1,3
1453,1454,395,4,2018-03-20,2018-03-21,2018-03-22,2,6
1454,1455,405,4,2018-03-20,2018-03-22,2018-03-21,2,6
1455,1456,754,4,2018-03-20,2018-03-21,2018-03-23,2,7
1456,1457,1411,4,2018-03-20,2018-03-23,2018-03-23,2,6
1457,1458,1029,4,2018-03-20,2018-03-22,2018-03-21,3,8
1458,1459,9,4,2018-03-21,2018-03-22,2018-03-22,2,7
1459,1460,1131,4,2018-03-21,2018-03-23,2018-03-23,2,7
1460,1461,139,4,2018-03-22,2018-03-25,2018-03-23,2,6
1461,1462,1101,4,2018-03-22,2018-03-24,2018-03-24,2,6
1462,1463,692,4,2018-03-23,2018-03-24,2018-03-24,2,7
1463,1464,1279,4,2018-03-24,2018-03-25,2018-03-25,2,7
1464,1465,623,4,2018-03-25,2018-03-28,2018-03-28,2,7
1465,1466,738,4,2018-03-26,2018-03-29,2018-03-28,1,3
1466,1467,152,4,2018-03-26,2018-03-27,2018-03-29,2,7
1467,1468,3,4,2018-03-27,2018-03-30,2018-03-29,1,2
1468,1469,1135,4,2018-03-27,2018-03-28,2018-03-30,3,8
1469,1470,505,4,2018-03-28,2018-03-31,2018-03-31,2,7
1470,1471,1310,4,2018-03-28,2018-03-30,2018-03-29,2,7
1471,1472,114,4,2018-03-29,2018-03-30,2018-03-31,2,6
1472,1473,302,4,2018-03-30,2018-04-01,2018-04-02,1,2
1473,1474,816,4,2018-03-30,2018-04-01,2018-04-02,1,3
1474,1475,112,4,2018-03-30,2018-04-01,2018-03-31,2,6
1475,1476,35,4,2018-03-31,2018-04-01,2018-04-01,2,7
1476,1477,180,4,2018-03-31,2018-04-03,2018-04-01,2,6
1477,1478,392,4,2018-03-31,2018-04-02,2018-04-02,2,6
1478,1479,23,2,2018-04-01,2018-04-01,unshipped yet,2,7
1479,1480,27,2,2018-04-01,2018-04-01,unshipped yet,2,7
1480,1481,62,1,2018-04-01,2018-04-01,unshipped yet,2,6
1481,1482,94,1,2018-04-01,2018-04-01,unshipped yet,2,7
1482,1483,15,1,2018-04-02,2018-04-02,unshipped yet,2,7
1483,1484,35,2,2018-04-02,2018-04-02,unshipped yet,2,6
1484,1485,51,2,2018-04-02,2018-04-02,unshipped yet,2,7
1485,1486,84,2,2018-04-02,2018-04-02,unshipped yet,2,7
1486,1487,33,1,2018-04-03,2018-04-03,unshipped yet,1,3
1487,1488,181,2,2018-04-03,2018-04-03,unshipped yet,1,3
1488,1489,194,1,2018-04-03,2018-04-03,unshipped yet,1,3
1489,1490,217,2,2018-04-03,2018-04-03,unshipped yet,1,3
1490,1491,82,1,2018-04-04,2018-04-04,unshipped yet,1,3
1491,1492,41,1,2018-04-04,2018-04-04,unshipped yet,2,7
1492,1493,64,2,2018-04-04,2018-04-04,unshipped yet,3,8
1493,1494,69,2,2018-04-05,2018-04-05,unshipped yet,1,3
1494,1495,86,2,2018-04-05,2018-04-05,unshipped yet,2,7
1495,1496,3,1,2018-04-06,2018-04-06,unshipped yet,1,3
1496,1497,31,2,2018-04-06,2018-04-06,unshipped yet,1,2
1497,1498,81,1,2018-04-06,2018-04-06,unshipped yet,1,2
1498,1499,120,2,2018-04-06,2018-04-06,unshipped yet,1,2
1499,1500,151,2,2018-04-06,2018-04-06,unshipped yet,1,3
1500,1501,52,1,2018-04-06,2018-04-06,unshipped yet,2,6
1501,1502,83,2,2018-04-06,2018-04-06,unshipped yet,2,6
1502,1503,208,2,2018-04-07,2018-04-07,unshipped yet,1,3
1503,1504,237,2,2018-04-08,2018-04-08,unshipped yet,1,2
1504,1505,22,1,2018-04-08,2018-04-08,unshipped yet,2,7
1505,1506,75,1,2018-04-08,2018-04-08,unshipped yet,2,7
1506,1507,85,2,2018-04-08,2018-04-08,unshipped yet,2,6
1507,1508,92,2,2018-04-08,2018-04-08,unshipped yet,2,6
1508,1509,2,1,2018-04-09,2018-04-09,unshipped yet,1,3
1509,1510,16,2,2018-04-09,2018-04-09,unshipped yet,2,6
1510,1511,25,1,2018-04-09,2018-04-09,unshipped yet,2,6
1511,1512,68,1,2018-04-09,2018-04-09,unshipped yet,3,9
1512,1513,32,2,2018-04-10,2018-04-10,unshipped yet,1,2
1513,1514,87,2,2018-04-10,2018-04-10,unshipped yet,1,3
1514,1515,61,1,2018-04-10,2018-04-10,unshipped yet,3,9
1515,1516,47,2,2018-04-11,2018-04-11,unshipped yet,1,3
1516,1517,97,1,2018-04-11,2018-04-11,unshipped yet,1,2
1517,1518,175,1,2018-04-11,2018-04-11,unshipped yet,1,2
1518,1519,26,2,2018-04-11,2018-04-11,unshipped yet,2,7
1519,1520,66,2,2018-04-11,2018-04-11,unshipped yet,3,8
1520,1521,53,1,2018-04-12,2018-04-12,unshipped yet,1,3
1521,1522,78,1,2018-04-12,2018-04-12,unshipped yet,1,3
1522,1523,8,1,2018-04-12,2018-04-12,unshipped yet,2,7
1523,1524,37,1,2018-04-12,2018-04-12,unshipped yet,2,6
1524,1525,38,2,2018-04-12,2018-04-12,unshipped yet,2,7
1525,1526,59,2,2018-04-12,2018-04-12,unshipped yet,2,7
1526,1527,13,2,2018-04-12,2018-04-12,unshipped yet,3,9
1527,1528,20,1,2018-04-12,2018-04-12,unshipped yet,3,8
1528,1529,50,1,2018-04-12,2018-04-12,unshipped yet,3,8
1529,1530,110,1,2018-04-13,2018-04-13,unshipped yet,1,2
1530,1531,233,1,2018-04-13,2018-04-13,unshipped yet,1,2
1531,1532,7,2,2018-04-13,2018-04-13,unshipped yet,2,7
1532,1533,28,2,2018-04-13,2018-04-13,unshipped yet,2,6
1533,1534,18,2,2018-04-14,2018-04-14,unshipped yet,2,7
1534,1535,19,2,2018-04-14,2018-04-14,unshipped yet,2,7
1535,1536,34,2,2018-04-14,2018-04-14,unshipped yet,2,7
1536,1537,36,1,2018-04-15,2018-04-15,unshipped yet,2,6
1537,1538,79,2,2018-04-15,2018-04-15,unshipped yet,2,6
1538,1539,116,1,2018-04-15,2018-04-15,unshipped yet,3,9
1539,1540,187,1,2018-04-16,2018-04-16,unshipped yet,1,2
1540,1541,10,2,2018-04-16,2018-04-16,unshipped yet,2,7
1541,1542,58,2,2018-04-16,2018-04-16,unshipped yet,2,6
1542,1543,76,1,2018-04-16,2018-04-16,unshipped yet,2,6
1543,1544,5,1,2018-04-17,2018-04-17,unshipped yet,1,2
1544,1545,67,1,2018-04-17,2018-04-17,unshipped yet,1,3
1545,1546,91,2,2018-04-17,2018-04-17,unshipped yet,1,3
1546,1547,169,1,2018-04-17,2018-04-17,unshipped yet,1,3
1547,1548,170,1,2018-04-17,2018-04-17,unshipped yet,1,2
1548,1549,17,1,2018-04-17,2018-04-17,unshipped yet,2,7
1549,1550,39,1,2018-04-17,2018-04-17,unshipped yet,2,6
1550,1551,70,1,2018-04-17,2018-04-17,unshipped yet,2,7
1551,1552,73,1,2018-04-17,2018-04-17,unshipped yet,2,7
1552,1553,30,2,2018-04-18,2018-04-18,unshipped yet,1,3
1553,1554,172,1,2018-04-18,2018-04-18,unshipped yet,1,3
1554,1555,1,1,2018-04-18,2018-04-18,unshipped yet,2,7
1555,1556,4,2,2018-04-18,2018-04-18,unshipped yet,2,6
1556,1557,121,2,2018-04-19,2018-04-19,unshipped yet,1,3
1557,1558,63,1,2018-04-19,2018-04-19,unshipped yet,2,6
1558,1559,42,2,2018-04-20,2018-04-20,unshipped yet,2,6
1559,1560,57,1,2018-04-20,2018-04-20,unshipped yet,2,7
1560,1561,65,2,2018-04-20,2018-04-20,unshipped yet,2,7
1561,1562,88,1,2018-04-20,2018-04-20,unshipped yet,2,7
1562,1563,77,2,2018-04-20,2018-04-20,unshipped yet,3,9
1563,1564,46,1,2018-04-21,2018-04-21,unshipped yet,1,3
1564,1565,60,2,2018-04-21,2018-04-21,unshipped yet,1,2
1565,1566,72,1,2018-04-21,2018-04-21,unshipped yet,1,3
1566,1567,89,2,2018-04-21,2018-04-21,unshipped yet,1,2
1567,1568,192,2,2018-04-21,2018-04-21,unshipped yet,1,3
1568,1569,29,2,2018-04-22,2018-04-22,unshipped yet,2,7
1569,1570,54,2,2018-04-22,2018-04-22,unshipped yet,2,7
1570,1571,80,1,2018-04-22,2018-04-22,unshipped yet,2,7
1571,1572,14,1,2018-04-22,2018-04-22,unshipped yet,3,9
1572,1573,24,2,2018-04-23,2018-04-23,unshipped yet,1,2
1573,1574,124,1,2018-04-23,2018-04-23,unshipped yet,1,2
1574,1575,224,2,2018-04-23,2018-04-23,unshipped yet,1,3
1575,1576,12,2,2018-04-23,2018-04-23,unshipped yet,2,7
1576,1577,48,1,2018-04-23,2018-04-23,unshipped yet,2,7
1577,1578,93,2,2018-04-23,2018-04-23,unshipped yet,2,7
1578,1579,104,2,2018-04-24,2018-04-24,unshipped yet,1,2
1579,1580,191,2,2018-04-24,2018-04-24,unshipped yet,1,2
1580,1581,188,2,2018-04-25,2018-04-25,unshipped yet,1,2
1581,1582,240,1,2018-04-25,2018-04-25,unshipped yet,1,3
1582,1583,44,1,2018-04-25,2018-04-25,unshipped yet,2,6
1583,1584,109,2,2018-04-26,2018-04-26,unshipped yet,1,3
1584,1585,157,1,2018-04-26,2018-04-26,unshipped yet,1,3
1585,1586,176,1,2018-04-26,2018-04-26,unshipped yet,1,2
1586,1587,231,2,2018-04-26,2018-04-26,unshipped yet,1,2
1587,1588,11,1,2018-04-26,2018-04-26,unshipped yet,2,6
1588,1589,40,2,2018-04-27,2018-04-27,unshipped yet,1,3
1589,1590,138,1,2018-04-27,2018-04-27,unshipped yet,1,3
1590,1591,165,2,2018-04-27,2018-04-27,unshipped yet,1,2
1591,1592,6,2,2018-04-27,2018-04-27,unshipped yet,2,7
1592,1593,9,1,2018-04-27,2018-04-27,unshipped yet,2,6
1593,1594,45,1,2018-04-28,2018-04-28,unshipped yet,2,7
1594,1595,71,2,2018-04-28,2018-04-28,unshipped yet,2,7
1595,1596,21,2,2018-04-28,2018-04-28,unshipped yet,3,8
1596,1597,56,1,2018-04-28,2018-04-28,unshipped yet,3,9
1597,1598,239,2,2018-04-29,2018-04-29,unshipped yet,1,3
1598,1599,49,1,2018-04-29,2018-04-29,unshipped yet,2,7
1599,1600,90,1,2018-04-29,2018-04-29,unshipped yet,2,6
1600,1601,43,1,2018-04-29,2018-04-29,unshipped yet,3,8
1601,1602,55,1,2018-04-30,2018-04-30,unshipped yet,2,6
1602,1603,74,2,2018-04-30,2018-04-30,unshipped yet,2,6
1603,1604,7,3,2018-06-17,2018-06-17,unshipped yet,2,7
1604,1605,123,3,2018-07-01,2018-07-01,unshipped yet,3,8
1605,1606,119,3,2018-07-10,2018-07-10,unshipped yet,3,8
1606,1607,33,3,2018-07-11,2018-07-11,unshipped yet,1,2
1607,1608,53,3,2018-07-12,2018-07-12,unshipped yet,1,2
1608,1609,10,3,2018-08-23,2018-08-23,unshipped yet,2,7
1609,1610,15,3,2018-08-25,2018-08-25,unshipped yet,2,7
1610,1611,6,3,2018-09-06,2018-09-06,unshipped yet,2,7
1611,1612,3,3,2018-10-21,2018-10-21,unshipped yet,1,3
1612,1613,1,3,2018-11-18,2018-11-18,unshipped yet,2,6
1613,1614,135,3,2018-11-28,2018-11-28,unshipped yet,3,8
1614,1615,136,3,2018-12-28,2018-12-28,unshipped yet,3,8
